id,date,close
BOND,2024-07-09,1.3392719441913081
BOND,2024-07-10,1.4725589570132689
BOND,2024-07-11,1.3171456026212987
BOND,2024-07-12,1.3387265621483195
BOND,2024-07-13,1.400238188617482
BOND,2024-07-14,1.9024657415098398
BOND,2024-07-15,1.9556284783877027
BOND,2024-07-16,2.050825215669948
BOND,2024-07-17,1.638532747875344
BOND,2024-07-18,1.6497043429580998
BOND,2024-07-19,1.6935457923695092
BOND,2024-07-20,1.4721140728637894
BOND,2024-07-21,1.5068388095281036
BOND,2024-07-22,1.7932140482545174
BOND,2024-07-23,1.6967543636082711
BOND,2024-07-24,1.9318110796207442
BOND,2024-07-25,1.975533314470102
BOND,2024-07-26,1.9730111715179777
BOND,2024-07-27,1.974541586774147
BOND,2024-07-28,1.9510980207511173
BOND,2024-07-29,1.8954694042041054
BOND,2024-07-30,1.8361864398672036
BOND,2024-07-31,1.9736936651323753
BOND,2024-08-01,1.981026740779509
BOND,2024-08-02,2.0979537845230523
BOND,2024-08-03,1.974263159051445
BOND,2024-08-04,1.9941779805117055
BOND,2024-08-05,2.0010643132135164
BOND,2024-08-06,1.988318128845472
BOND,2024-08-07,2.0032528739502076
BOND,2024-08-08,2.0297789973553284
BOND,2024-08-09,2.0345208903308327
BOND,2024-08-10,2.005301130904149
BOND,2024-08-11,1.9952279637755348
BOND,2024-08-12,1.9491659004296649
BOND,2024-08-13,2.063494966846328
BOND,2024-08-14,2.048239305715377
BOND,2024-08-15,1.9943509384373779
BOND,2024-08-16,1.9432027068079656
BOND,2024-08-17,2.051170442651966
BOND,2024-08-18,2.0894527908705607
BOND,2024-08-19,2.102323635489602
BOND,2024-08-20,1.9983806222817022
BOND,2024-08-21,1.9510292574365702
BOND,2024-08-22,1.9870714835686536
BOND,2024-08-23,1.9843005907352875
BOND,2024-08-24,1.9831161165584537
BOND,2024-08-25,1.9461608046801508
BOND,2024-08-26,1.9778192540238886
BOND,2024-08-27,2.051497531032672
BOND,2024-08-28,2.02574635985479
BOND,2024-08-29,2.1352624603762083
BOND,2024-08-30,1.981153690822198
BOND,2024-08-31,2.012508136403569
BOND,2024-09-01,2.111491814748442
BOND,2024-09-02,2.098312491605965
BOND,2024-09-03,1.967025681091107
BOND,2024-09-04,2.1047050451138984
BOND,2024-09-05,2.0990028203225566
BOND,2024-09-06,1.9071060157350068
BOND,2024-09-07,1.9188645968641767
BOND,2024-09-08,1.9352682136916854
BOND,2024-09-09,1.9278386366396232
BOND,2024-09-10,1.900884696512178
BOND,2024-09-11,1.8994345437561684
BOND,2024-09-12,1.8999529257686636
BOND,2024-09-13,1.910125977844765
BOND,2024-09-14,1.9023443442380898
BOND,2024-09-15,1.8907271770314884
BOND,2024-09-16,1.8691547921212974
BOND,2024-09-17,1.94524942387814
BOND,2024-09-18,1.904619996961875
BOND,2024-09-19,1.8824912687850364
BOND,2024-09-20,2.337155024130992
BOND,2024-09-21,2.2380188325547827
BOND,2024-09-22,1.760897711786532
BOND,2024-09-23,1.6146080641333518
BOND,2024-09-24,1.709203480814847
BOND,2024-09-25,1.6967085109292466
BOND,2024-09-26,1.66482863776366
BOND,2024-09-27,1.6812176790515962
BOND,2024-09-28,1.7328077914403923
BOND,2024-09-29,1.7030290446662248
BOND,2024-09-30,1.632385984079257
BOND,2024-10-01,1.4979950857673126
BOND,2024-10-02,1.5114825512290735
BOND,2024-10-03,1.5215593873326925
BOND,2024-10-04,1.5217840452984792
BOND,2024-10-05,1.5927209334762096
BOND,2024-10-06,1.605965706115197
BOND,2024-10-07,1.546789355912762
BOND,2024-10-08,1.5712444858205294
BOND,2024-10-09,1.5255282568417114
BOND,2024-10-10,1.5155994321828516
BOND,2024-10-11,1.5472815986632804
BOND,2024-10-12,1.5453754760556828
BOND,2024-10-13,1.5536105182881896
BOND,2024-10-14,1.5287572096244517
BOND,2024-10-15,1.5890065154554323
BOND,2024-10-16,1.5189595698931266
BOND,2024-10-17,1.5697413499354107
BOND,2024-10-18,1.5499180964686072
BOND,2024-10-19,1.548443915557867
BOND,2024-10-20,1.7795220872585942
BOND,2024-10-21,1.6050829879962258
BOND,2024-10-22,1.5368465620986909
BOND,2024-10-23,1.51830240083369
BOND,2024-10-24,1.5213875599561142
BOND,2024-10-25,1.5188779909377237
BOND,2024-10-26,1.4713461675602821
BOND,2024-10-27,1.4781309562624734
BOND,2024-10-28,1.4761278508929043
BOND,2024-10-29,1.427383797150707
BOND,2024-10-30,1.5030497846887687
BOND,2024-10-31,1.4953642877620634
BOND,2024-11-01,1.4471790507998135
BOND,2024-11-02,1.4299833256409982
BOND,2024-11-03,1.4055216265806476
BOND,2024-11-04,1.3227739114695936
BOND,2024-11-05,1.3165668419487069
BOND,2024-11-06,1.3765982308570188
BOND,2024-11-07,1.5057032957649388
BOND,2024-11-08,1.5118971379214774
BOND,2024-11-09,1.5245336815356039
BOND,2024-11-10,1.5757912556840898
BOND,2024-11-11,1.606749533012198
BOND,2024-11-12,1.6186820854847348
BOND,2024-11-13,1.518297329761409
BOND,2024-11-14,1.5103440935745267
BOND,2024-11-15,1.5462069357966899
BOND,2024-11-16,1.5607622917508175
BOND,2024-11-17,1.6690737934249509
BOND,2024-11-18,1.5562222905484113
BOND,2024-11-19,1.6630512507518567
BOND,2024-11-20,1.6334394863685873
BOND,2024-11-21,1.484937220858783
BOND,2024-11-22,1.6329713017399767
BOND,2024-11-23,1.6262550814927723
BOND,2024-11-24,1.7184832176934273
BOND,2024-11-25,1.7355339614330707
BOND,2024-11-26,1.6050189649086073
BOND,2024-11-27,1.513071394249118
BOND,2024-11-28,1.562091654353885
BOND,2024-11-29,1.5543276821391365
BOND,2024-11-30,1.5846394475889287
BOND,2024-12-01,1.7016353448145638
BOND,2024-12-02,1.7026774939606497
BOND,2024-12-03,1.7303828335356597
BOND,2024-12-04,1.758389222169708
BOND,2024-12-05,1.7234822531957728
BOND,2024-12-06,1.6924511627571905
BOND,2024-12-07,1.554381145503923
BOND,2024-12-08,1.5189164499744128
BOND,2024-12-09,1.5288279686158397
BOND,2024-12-10,1.123730063317112
BOND,2024-12-11,1.0401887368260014
BOND,2024-12-12,1.454540275728707
BOND,2024-12-13,1.1104760938269158
BOND,2024-12-14,1.1044488262431902
BOND,2024-12-15,1.0768914809982553
BOND,2024-12-16,1.0995808218113547
BOND,2024-12-17,0.7456624871827292
BOND,2024-12-18,0.640842240669913
BOND,2024-12-19,0.5661079833506268
BOND,2024-12-20,0.4253838311427277
BOND,2024-12-21,0.4307739574319287
BOND,2024-12-22,0.3754834265962417
BOND,2024-12-23,0.3843179503535977
BOND,2024-12-24,0.36145463015077556
BOND,2024-12-25,0.38775200401306464
BOND,2024-12-26,0.7623775817248316
BOND,2024-12-27,0.6132532985548408
BOND,2024-12-28,0.49657847577098985
BOND,2024-12-29,0.6191724016075965
BOND,2024-12-30,0.616957591267425
BOND,2024-12-31,0.5722144945724207
BOND,2025-01-01,0.5640955480249332
BOND,2025-01-02,0.5264371018856417
BOND,2025-01-03,0.5462094084039218
BOND,2025-01-04,0.5361237994950436
BOND,2025-01-05,0.521928947864377
BOND,2025-01-06,0.5164948012521066
BOND,2025-01-07,0.5149020818602612
BOND,2025-01-08,0.48675347009202924
BOND,2025-01-09,0.4116054760228528
BOND,2025-01-10,0.5028612615190435
BOND,2025-01-11,0.5232560073074615
BOND,2025-01-12,0.5393992008433837
BOND,2025-01-13,0.5460844344532134
BOND,2025-01-14,0.48595837338869485
BOND,2025-01-15,0.48922472996392236
BOND,2025-01-16,0.4731217477884579
BOND,2025-01-17,0.48747560190456013
BOND,2025-01-18,0.4923570666700945
BOND,2025-01-19,0.46032758301918947
BOND,2025-01-20,0.4052697584429197
BOND,2025-01-21,0.3776908232959138
BOND,2025-01-22,0.48166841850265635
BOND,2025-01-23,0.47849614620415665
BOND,2025-01-24,0.4254388061091993
BOND,2025-01-25,0.433866858377353
BOND,2025-01-26,0.4117621915035071
BOND,2025-01-27,0.400997494316676
BOND,2025-01-28,0.4020250107128858
BOND,2025-01-29,0.38964560602740034
BOND,2025-01-30,0.4057992099456964
BOND,2025-01-31,0.39482626109947916
BOND,2025-02-01,0.38727273649563015
BOND,2025-02-02,0.36415585567382924
BOND,2025-02-03,0.32253544000838824
BOND,2025-02-04,0.3715554050169882
BOND,2025-02-05,0.3285156921044052
BOND,2025-02-06,0.328287171332723
BOND,2025-02-07,0.32022469769514966
BOND,2025-02-08,0.33142836900896244
BOND,2025-02-09,0.33911908290591053
BOND,2025-02-10,0.3278067105515371
BOND,2025-02-11,0.3255162827475024
BOND,2025-02-12,0.3278815599462001
BOND,2025-02-13,0.3223381108487424
BOND,2025-02-14,0.3140033372021356
BOND,2025-02-15,0.32906845956148845
BOND,2025-02-16,0.3198428153025985
BOND,2025-02-17,0.32089874379225813
BOND,2025-02-18,0.3037205442384136
BOND,2025-02-19,0.2968508443314208
BOND,2025-02-20,0.29894271564217495
BOND,2025-02-21,0.2958369022354811
BOND,2025-02-22,0.2669497917715035
BOND,2025-02-23,0.2761217229965587
BOND,2025-02-24,0.2887491808030012
BOND,2025-02-25,0.2352819300546065
BOND,2025-02-26,0.21679453467016685
BOND,2025-02-27,0.18231937552162894
BOND,2025-02-28,0.1948615779779704
BOND,2025-03-01,0.3318180633854064
BOND,2025-03-02,0.41195766643739395
BOND,2025-03-03,0.36249599602045046
BOND,2025-03-04,0.3104757607739484
BOND,2025-03-05,0.28532433916912375
BOND,2025-03-06,0.36188281516192766
BOND,2025-03-07,0.36577874044319525
BOND,2025-03-08,0.3030556142094744
BOND,2025-03-09,0.31012970444793997
BOND,2025-03-10,0.26747422109316454
BOND,2025-03-11,0.2567908048989762
BOND,2025-03-12,0.25780116167606426
BOND,2025-03-13,0.2535816811379412
BOND,2025-03-14,0.26817302986578195
BOND,2025-03-15,0.26900107216025626
BOND,2025-03-16,0.2586694982470267
BOND,2025-03-17,0.24565051060331605
BOND,2025-03-18,0.24835153316465633
BOND,2025-03-19,0.22833104674027255
BOND,2025-03-20,0.23302568962196676
BOND,2025-03-21,0.24548995511460217
BOND,2025-03-22,0.23450115361866208
BOND,2025-03-23,0.24393987615296472
BOND,2025-03-24,0.2420379293232264
BOND,2025-03-25,0.24160267457100457
BOND,2025-03-26,0.2613561131015072
BOND,2025-03-27,0.25449421771461533
BOND,2025-03-28,0.2745912540062049
BOND,2025-03-29,0.2584417132442816
BOND,2025-03-30,0.25752902592456406
BOND,2025-03-31,0.2715027042167822
BOND,2025-04-01,0.24877390213100256
BOND,2025-04-02,0.25910878068965587
BOND,2025-04-03,0.23348767573899004
BOND,2025-04-04,0.24947293356968392
BOND,2025-04-05,0.25962363801198063
BOND,2025-04-06,0.261731360453388
BOND,2025-04-07,0.2329516912019272
BOND,2025-04-08,0.24233543374792885
BOND,2025-04-09,0.24732331660029752
BOND,2025-04-10,0.25139044566401036
BOND,2025-04-11,0.23942661426479186
BOND,2025-04-12,0.2415137025229242
BOND,2025-04-13,0.25218762548322304
BOND,2025-04-14,0.2411451025856329
BOND,2025-04-15,0.2467011868349504
BOND,2025-04-16,0.24955404522401245
BOND,2025-04-17,0.24248446621887396
BOND,2025-04-18,0.24051425691539416
BOND,2025-04-19,0.24252843201127006
BOND,2025-04-20,0.23318143327235055
BOND,2025-04-21,0.23720405452557114
BOND,2025-04-22,0.2365701105064917
BOND,2025-04-23,0.2357718827773445
BOND,2025-04-24,0.2570011684720047
BOND,2025-04-25,0.26363278893963055
BOND,2025-04-26,0.27015755339195374
BOND,2025-04-27,0.27639449485166956
BOND,2025-04-28,0.2587180650991583
BOND,2025-04-29,0.26378399309194506
BOND,2025-04-30,0.2570707023998474
BOND,2025-05-01,0.25698911223829923
BOND,2025-05-02,0.2571192360570558
BOND,2025-05-03,0.26779543813475304
BOND,2025-05-04,0.2660403187057044
BOND,2025-05-05,0.253942795922688
BOND,2025-05-06,0.25620943120937273
BOND,2025-05-07,0.22146079960278067
BOND,2025-05-08,0.23650817287491593
BOND,2025-05-09,0.24224000323564965
BOND,2025-05-10,0.2569241058866288
BOND,2025-05-11,0.2622904795506032
BOND,2025-05-12,0.25742929978809614
BOND,2025-05-13,0.3396061398495394
BOND,2025-05-14,0.3207907160304815
BOND,2025-05-15,0.304556178066182
BOND,2025-05-16,0.2843875386853989
BOND,2025-05-17,0.2982394018895262
BOND,2025-05-18,0.2888914695566303
BOND,2025-05-19,0.29765253152510024
BOND,2025-05-20,0.28432613892917236
BOND,2025-05-21,0.28691153330862657
BOND,2025-05-22,0.2824420486296512
BOND,2025-05-23,0.2751212735941391
BOND,2025-05-24,0.26030967750946
BOND,2025-05-25,0.2587004608096975
BOND,2025-05-26,0.2795098429566718
BOND,2025-05-27,0.2785048708242622
BOND,2025-05-28,0.27171613388678273
BOND,2025-05-29,0.26033055858382886
BOND,2025-05-30,0.2782327059455061
BOND,2025-05-31,0.2635903799759154
BOND,2025-06-01,0.24432836203199604
BOND,2025-06-02,0.24076471763409057
BOND,2025-06-03,0.25847052312608304
BOND,2025-06-04,0.22953245888711182
BOND,2025-06-05,0.20633166265731195
BOND,2025-06-06,0.20335197027253732
BOND,2025-06-07,0.20522194956246695
BOND,2025-06-08,0.20684075907805755
BOND,2025-06-09,0.21120813409096656
BOND,2025-06-10,0.21304293212970296
BOND,2025-06-11,0.19567513651872387
BOND,2025-06-12,0.1975041488298201
BOND,2025-06-13,0.2034737669427309
BOND,2025-06-14,0.20355252101274568
BOND,2025-06-15,0.196531967902022
BOND,2025-06-16,0.18550607249916468
BOND,2025-06-17,0.17674961359874578
BOND,2025-06-18,0.16537185259232456
BOND,2025-06-19,0.16109891280257976
BOND,2025-06-20,0.1582941496218638
BOND,2025-06-21,0.16316326395309175
BOND,2025-06-22,0.15293374453847428
BOND,2025-06-23,0.1492275651304046
BOND,2025-06-24,0.14891474849635622
BOND,2025-06-25,0.15788204038141937
BOND,2025-06-26,0.1545338525129971
BOND,2025-06-27,0.15631500611651594
BOND,2025-06-28,0.15362137344709
BOND,2025-06-29,0.15894334517264305
BOND,2025-06-30,0.1533603218554909
BOND,2025-07-01,0.16185472834002199
BOND,2025-07-02,0.14393933793436056
BOND,2025-07-03,0.15209448096296552
BOND,2025-07-04,0.14789973355895725
BOND,2025-07-05,0.15892900708754668
BOND,2025-07-06,0.1473349830395856
BOND,2025-07-07,0.14991964775471572
BOND,2025-07-08,0.15380268873543243
BOND,2025-07-08,0.1463372046184112
LADYS,2024-07-09,1.1003029494684393e-07
LADYS,2024-07-10,1.1296259580604493e-07
LADYS,2024-07-11,1.1278187350677494e-07
LADYS,2024-07-12,1.1255298492405762e-07
LADYS,2024-07-13,1.1090239477759093e-07
LADYS,2024-07-14,1.1426413640133099e-07
LADYS,2024-07-15,1.1738153223450649e-07
LADYS,2024-07-16,1.2933941105728772e-07
LADYS,2024-07-17,1.3530447377792848e-07
LADYS,2024-07-18,1.2675816227549147e-07
LADYS,2024-07-19,1.3608350923068565e-07
LADYS,2024-07-20,1.4907329173289343e-07
LADYS,2024-07-21,1.4714144110152684e-07
LADYS,2024-07-22,1.6146128933627092e-07
LADYS,2024-07-23,1.4687690829885986e-07
LADYS,2024-07-24,1.3959566373854645e-07
LADYS,2024-07-25,1.312782262750923e-07
LADYS,2024-07-26,1.26456616709339e-07
LADYS,2024-07-27,1.3240010792045573e-07
LADYS,2024-07-28,1.2741281165552288e-07
LADYS,2024-07-29,1.2311077782432268e-07
LADYS,2024-07-30,1.2293709478182415e-07
LADYS,2024-07-31,1.1568408911718262e-07
LADYS,2024-08-01,1.132810981785637e-07
LADYS,2024-08-02,1.0770740905558008e-07
LADYS,2024-08-03,9.841224571906534e-08
LADYS,2024-08-04,9.69029945155997e-08
LADYS,2024-08-05,9.1847362428679e-08
LADYS,2024-08-06,7.882017144670641e-08
LADYS,2024-08-07,8.589136322260426e-08
LADYS,2024-08-08,8.484224260127234e-08
LADYS,2024-08-09,9.899369389874752e-08
LADYS,2024-08-10,9.937025468653965e-08
LADYS,2024-08-11,9.812939107175004e-08
LADYS,2024-08-12,8.908358050237386e-08
LADYS,2024-08-13,9.822723820435138e-08
LADYS,2024-08-14,9.92097598409219e-08
LADYS,2024-08-15,9.881142714086686e-08
LADYS,2024-08-16,9.65938719208803e-08
LADYS,2024-08-17,9.27722022290296e-08
LADYS,2024-08-18,9.683283456968181e-08
LADYS,2024-08-19,9.166434508623586e-08
LADYS,2024-08-20,9.393933597690715e-08
LADYS,2024-08-21,9.240619028292465e-08
LADYS,2024-08-22,9.415378264365041e-08
LADYS,2024-08-23,9.295392728422254e-08
LADYS,2024-08-24,1.0240433690911814e-07
LADYS,2024-08-25,1.0529738587485754e-07
LADYS,2024-08-26,1.0300747801233029e-07
LADYS,2024-08-27,9.200372200299693e-08
LADYS,2024-08-28,8.181308137136231e-08
LADYS,2024-08-29,8.13016482289976e-08
LADYS,2024-08-30,8.17339995524073e-08
LADYS,2024-08-31,8.22446206220902e-08
LADYS,2024-09-01,8.004860612138709e-08
LADYS,2024-09-02,7.352891210881292e-08
LADYS,2024-09-03,7.944024748430751e-08
LADYS,2024-09-04,7.675467049001545e-08
LADYS,2024-09-05,8.216573057347771e-08
LADYS,2024-09-06,8.00239243921352e-08
LADYS,2024-09-07,7.600985503649061e-08
LADYS,2024-09-08,7.811362919129954e-08
LADYS,2024-09-09,7.955876281904538e-08
LADYS,2024-09-10,8.679208033057032e-08
LADYS,2024-09-11,8.525847051649853e-08
LADYS,2024-09-12,8.360125388793961e-08
LADYS,2024-09-13,8.458971615516724e-08
LADYS,2024-09-14,8.679484151556374e-08
LADYS,2024-09-15,8.414128889735466e-08
LADYS,2024-09-16,7.895652768810245e-08
LADYS,2024-09-17,7.788769125034496e-08
LADYS,2024-09-18,8.293343328256164e-08
LADYS,2024-09-19,8.653252142644491e-08
LADYS,2024-09-20,9.682072630303688e-08
LADYS,2024-09-21,9.356564518029806e-08
LADYS,2024-09-22,9.681512877170472e-08
LADYS,2024-09-23,9.269105487733374e-08
LADYS,2024-09-24,9.349700674284929e-08
LADYS,2024-09-25,9.607623391463657e-08
LADYS,2024-09-26,9.002989279502176e-08
LADYS,2024-09-27,9.42193664638473e-08
LADYS,2024-09-28,9.915136227183827e-08
LADYS,2024-09-29,9.861231080637219e-08
LADYS,2024-09-30,9.237569851717375e-08
LADYS,2024-10-01,8.68387210173595e-08
LADYS,2024-10-02,7.52825148791725e-08
LADYS,2024-10-03,7.273573479408484e-08
LADYS,2024-10-04,7.443552700196559e-08
LADYS,2024-10-05,7.713171647124949e-08
LADYS,2024-10-06,7.684467735781473e-08
LADYS,2024-10-07,7.781086087077211e-08
LADYS,2024-10-08,7.932762200627385e-08
LADYS,2024-10-09,8.343089241058972e-08
LADYS,2024-10-10,7.872214867962693e-08
LADYS,2024-10-11,8.152124718645009e-08
LADYS,2024-10-12,8.591809869718566e-08
LADYS,2024-10-13,8.982497274813254e-08
LADYS,2024-10-14,9.427732877286798e-08
LADYS,2024-10-15,9.582988326240206e-08
LADYS,2024-10-16,8.902993422447308e-08
LADYS,2024-10-17,8.48824648266028e-08
LADYS,2024-10-18,8.411584813088798e-08
LADYS,2024-10-19,8.904207637953982e-08
LADYS,2024-10-20,8.79177416970656e-08
LADYS,2024-10-21,9.082342972628395e-08
LADYS,2024-10-22,8.426453474855337e-08
LADYS,2024-10-23,8.504632636974608e-08
LADYS,2024-10-24,8.212663674176964e-08
LADYS,2024-10-25,8.132024276943858e-08
LADYS,2024-10-26,7.178042465477966e-08
LADYS,2024-10-27,7.43987636683122e-08
LADYS,2024-10-28,7.665900372012916e-08
LADYS,2024-10-29,8.085370707568362e-08
LADYS,2024-10-30,8.029889114525408e-08
LADYS,2024-10-31,7.771104458033021e-08
LADYS,2024-11-01,7.460383520502335e-08
LADYS,2024-11-02,7.228781474638886e-08
LADYS,2024-11-03,7.018184299554738e-08
LADYS,2024-11-04,6.718928726755481e-08
LADYS,2024-11-05,6.656749008566881e-08
LADYS,2024-11-06,7.065213692944107e-08
LADYS,2024-11-07,7.567004660032447e-08
LADYS,2024-11-08,8.083804134791182e-08
LADYS,2024-11-09,7.309639324648972e-08
LADYS,2024-11-10,7.478518064661057e-08
LADYS,2024-11-11,8.577641849258741e-08
LADYS,2024-11-12,8.787508101408068e-08
LADYS,2024-11-13,1.2966569568959742e-07
LADYS,2024-11-14,1.1539624825398926e-07
LADYS,2024-11-15,1.216460031076106e-07
LADYS,2024-11-16,1.3501408739269055e-07
LADYS,2024-11-17,1.2364099291359818e-07
LADYS,2024-11-18,1.1899250136005637e-07
LADYS,2024-11-19,1.1869418094566814e-07
LADYS,2024-11-20,1.0873966296288332e-07
LADYS,2024-11-21,1.0048811420743651e-07
LADYS,2024-11-22,1.1149841662887367e-07
LADYS,2024-11-23,1.1059107285482399e-07
LADYS,2024-11-24,1.0639794557550377e-07
LADYS,2024-11-25,1.0559029234689273e-07
LADYS,2024-11-26,9.986520170429445e-08
LADYS,2024-11-27,9.657866819162771e-08
LADYS,2024-11-28,1.04911424038833e-07
LADYS,2024-11-29,1.0346878996609854e-07
LADYS,2024-11-30,1.1379001320563155e-07
LADYS,2024-12-01,1.0907840567282219e-07
LADYS,2024-12-02,1.1003522308490695e-07
LADYS,2024-12-03,1.0153207382625818e-07
LADYS,2024-12-04,1.0434265204438681e-07
LADYS,2024-12-05,1.1263299989635857e-07
LADYS,2024-12-06,1.0982157416196071e-07
LADYS,2024-12-07,1.2085015487159693e-07
LADYS,2024-12-08,1.337891792307997e-07
LADYS,2024-12-09,1.2187364994771403e-07
LADYS,2024-12-10,9.677874677275569e-08
LADYS,2024-12-11,9.023271540820439e-08
LADYS,2024-12-12,9.858407598525407e-08
LADYS,2024-12-13,9.500888468442469e-08
LADYS,2024-12-14,1.0012886742294821e-07
LADYS,2024-12-15,9.296863084036615e-08
LADYS,2024-12-16,9.839065830521616e-08
LADYS,2024-12-17,9.382962662710876e-08
LADYS,2024-12-18,8.943004029973582e-08
LADYS,2024-12-19,8.261143458596388e-08
LADYS,2024-12-20,7.474619040629289e-08
LADYS,2024-12-21,7.899023804214533e-08
LADYS,2024-12-22,7.419474609703432e-08
LADYS,2024-12-23,7.197098371567904e-08
LADYS,2024-12-24,7.772779774314513e-08
LADYS,2024-12-25,8.260403640738727e-08
LADYS,2024-12-26,8.162467279222273e-08
LADYS,2024-12-27,7.495889445560905e-08
LADYS,2024-12-28,7.782382451122178e-08
LADYS,2024-12-29,8.153567955515726e-08
LADYS,2024-12-30,7.553030144252901e-08
LADYS,2024-12-31,7.377063387565603e-08
LADYS,2025-01-01,7.365781288588852e-08
LADYS,2025-01-02,7.498377972822988e-08
LADYS,2025-01-03,7.840825844109567e-08
LADYS,2025-01-04,8.27829303848479e-08
LADYS,2025-01-05,8.184334983659104e-08
LADYS,2025-01-06,7.929558127692543e-08
LADYS,2025-01-07,8.041621716595276e-08
LADYS,2025-01-08,7.279801661025575e-08
LADYS,2025-01-09,6.950492157016665e-08
LADYS,2025-01-10,6.385827329836925e-08
LADYS,2025-01-11,6.872968732958003e-08
LADYS,2025-01-12,6.87274773206035e-08
LADYS,2025-01-13,6.920361090325647e-08
LADYS,2025-01-14,6.30543919924927e-08
LADYS,2025-01-15,6.664507786766863e-08
LADYS,2025-01-16,7.158032901176754e-08
LADYS,2025-01-17,6.704957379521168e-08
LADYS,2025-01-18,7.420091665398595e-08
LADYS,2025-01-19,6.877307544334512e-08
LADYS,2025-01-20,7.207645447386286e-08
LADYS,2025-01-21,6.41964839584022e-08
LADYS,2025-01-22,6.41367321841249e-08
LADYS,2025-01-23,6.371814655798801e-08
LADYS,2025-01-24,6.70107686502119e-08
LADYS,2025-01-25,7.003766531398608e-08
LADYS,2025-01-26,6.820007787909065e-08
LADYS,2025-01-27,6.739776548440966e-08
LADYS,2025-01-28,6.111274732945754e-08
LADYS,2025-01-29,5.504060626585862e-08
LADYS,2025-01-30,5.7924900647288396e-08
LADYS,2025-01-31,5.9405494561457794e-08
LADYS,2025-02-01,6.0621466129189e-08
LADYS,2025-02-02,5.3006787401866e-08
LADYS,2025-02-03,4.592725580322392e-08
LADYS,2025-02-04,4.8603446102163964e-08
LADYS,2025-02-05,4.57417126854001e-08
LADYS,2025-02-06,4.5956667686201755e-08
LADYS,2025-02-07,4.429955535785078e-08
LADYS,2025-02-08,4.536356976059431e-08
LADYS,2025-02-09,4.5945501687522584e-08
LADYS,2025-02-10,4.5556726622434876e-08
LADYS,2025-02-11,4.550317921883154e-08
LADYS,2025-02-12,4.7293172085432935e-08
LADYS,2025-02-13,4.846925667693045e-08
LADYS,2025-02-14,4.79923305213013e-08
LADYS,2025-02-15,4.794321871860044e-08
LADYS,2025-02-16,4.750509026858511e-08
LADYS,2025-02-17,4.6765854249056376e-08
LADYS,2025-02-18,4.875541230225482e-08
LADYS,2025-02-19,4.593216155458288e-08
LADYS,2025-02-20,4.605580655405689e-08
LADYS,2025-02-21,4.1459906941005355e-08
LADYS,2025-02-22,3.543936838187619e-08
LADYS,2025-02-23,3.8721318898298606e-08
LADYS,2025-02-24,3.9167419508632704e-08
LADYS,2025-02-25,3.4172942785408295e-08
LADYS,2025-02-26,3.792627454282167e-08
LADYS,2025-02-27,3.681249942756636e-08
LADYS,2025-02-28,3.714129559040695e-08
LADYS,2025-03-01,3.734978733146196e-08
LADYS,2025-03-02,3.647564862248748e-08
LADYS,2025-03-03,4.0548541416934224e-08
LADYS,2025-03-04,3.4863819904932704e-08
LADYS,2025-03-05,3.48252580098585e-08
LADYS,2025-03-06,3.657962855385719e-08
LADYS,2025-03-07,3.836640517551547e-08
LADYS,2025-03-08,3.611298428946862e-08
LADYS,2025-03-09,3.5218766123668905e-08
LADYS,2025-03-10,2.9786554390453827e-08
LADYS,2025-03-11,2.8566478709111104e-08
LADYS,2025-03-12,2.8216945916801443e-08
LADYS,2025-03-13,2.8491064952098554e-08
LADYS,2025-03-14,2.9789518417691527e-08
LADYS,2025-03-15,3.081566851173048e-08
LADYS,2025-03-16,3.107566540323873e-08
LADYS,2025-03-17,3.0000324018832025e-08
LADYS,2025-03-18,3.053072482284072e-08
LADYS,2025-03-19,3.8813952311980966e-08
LADYS,2025-03-20,3.9697813741405794e-08
LADYS,2025-03-21,3.768904635536273e-08
LADYS,2025-03-22,3.891900142482845e-08
LADYS,2025-03-23,3.941893084209042e-08
LADYS,2025-03-24,4.052099609865282e-08
LADYS,2025-03-25,4.021890035137288e-08
LADYS,2025-03-26,3.8818888572460225e-08
LADYS,2025-03-27,3.7813884390035564e-08
LADYS,2025-03-28,3.609152335154881e-08
LADYS,2025-03-29,3.5397994272706e-08
LADYS,2025-03-30,3.3411998053342086e-08
LADYS,2025-03-31,3.5135868591149147e-08
LADYS,2025-04-01,3.449905768947639e-08
LADYS,2025-04-02,3.5022620181176403e-08
LADYS,2025-04-03,3.170572442890393e-08
LADYS,2025-04-04,3.195137781944465e-08
LADYS,2025-04-05,3.300141385719039e-08
LADYS,2025-04-06,3.2269859702252645e-08
LADYS,2025-04-07,2.9282587165045477e-08
LADYS,2025-04-08,2.9656178963774093e-08
LADYS,2025-04-09,2.9268464471249616e-08
LADYS,2025-04-10,3.190818511626891e-08
LADYS,2025-04-11,3.1278423609638375e-08
LADYS,2025-04-12,3.225512983257183e-08
LADYS,2025-04-13,4.300618918050372e-08
LADYS,2025-04-14,3.592859652420495e-08
LADYS,2025-04-15,3.578000692344743e-08
LADYS,2025-04-16,3.343592697258654e-08
LADYS,2025-04-17,3.46335081416508e-08
LADYS,2025-04-18,3.599501612055683e-08
LADYS,2025-04-19,3.4851739267546096e-08
LADYS,2025-04-20,3.487211675196408e-08
LADYS,2025-04-21,3.441255743318732e-08
LADYS,2025-04-22,3.512854371463671e-08
LADYS,2025-04-23,3.9070392219922295e-08
LADYS,2025-04-24,3.8868313003963834e-08
LADYS,2025-04-25,3.9742962920095715e-08
LADYS,2025-04-26,4.165634610093487e-08
LADYS,2025-04-27,4.6207840322386836e-08
LADYS,2025-04-28,4.2395538152059324e-08
LADYS,2025-04-29,4.540623434013656e-08
LADYS,2025-04-30,4.533349645350677e-08
LADYS,2025-05-01,4.493796239644604e-08
LADYS,2025-05-02,4.601310718052798e-08
LADYS,2025-05-03,4.984583728666093e-08
LADYS,2025-05-04,4.8604412230675337e-08
LADYS,2025-05-05,4.637379896168538e-08
LADYS,2025-05-06,4.541847777135946e-08
LADYS,2025-05-07,4.4243225390830574e-08
LADYS,2025-05-08,4.289189704110911e-08
LADYS,2025-05-09,5.304210759021301e-08
LADYS,2025-05-10,6.356557572164365e-08
LADYS,2025-05-11,6.617386470224569e-08
LADYS,2025-05-12,6.081629496572793e-08
LADYS,2025-05-13,5.993386941043253e-08
LADYS,2025-05-14,6.206590313119517e-08
LADYS,2025-05-15,5.816535649895478e-08
LADYS,2025-05-16,5.238918027069958e-08
LADYS,2025-05-17,5.1139416391888474e-08
LADYS,2025-05-18,5.1166642030744956e-08
LADYS,2025-05-19,5.405440739850584e-08
LADYS,2025-05-20,5.314231381835396e-08
LADYS,2025-05-21,5.399401652095103e-08
LADYS,2025-05-22,5.678868151875368e-08
LADYS,2025-05-23,5.8212569188537085e-08
LADYS,2025-05-24,5.0211016287799975e-08
LADYS,2025-05-25,4.8878339874911285e-08
LADYS,2025-05-26,5.1695476155340906e-08
LADYS,2025-05-27,5.370084817045798e-08
LADYS,2025-05-28,5.0950811697367665e-08
LADYS,2025-05-29,4.999833082964513e-08
LADYS,2025-05-30,5.020684950638886e-08
LADYS,2025-05-31,4.290226141579787e-08
LADYS,2025-06-01,4.5181483400421185e-08
LADYS,2025-06-02,4.5435553229153717e-08
LADYS,2025-06-03,4.5795342399690916e-08
LADYS,2025-06-04,4.544220769406586e-08
LADYS,2025-06-05,4.317035454495636e-08
LADYS,2025-06-06,4.0360280801947814e-08
LADYS,2025-06-07,4.17590654461517e-08
LADYS,2025-06-08,4.2756897681936585e-08
LADYS,2025-06-09,4.181790424609281e-08
LADYS,2025-06-10,4.4840789164553395e-08
LADYS,2025-06-11,4.7016142365211286e-08
LADYS,2025-06-12,4.606254960888495e-08
LADYS,2025-06-13,4.280693120438429e-08
LADYS,2025-06-14,4.133365322727649e-08
LADYS,2025-06-15,4.835349825484794e-08
LADYS,2025-06-16,4.562630566216213e-08
LADYS,2025-06-17,4.347941361929062e-08
LADYS,2025-06-18,4.120461489773562e-08
LADYS,2025-06-19,4.099215921993918e-08
LADYS,2025-06-20,4.044471673987212e-08
LADYS,2025-06-21,3.8564529703393484e-08
LADYS,2025-06-22,3.640187595846721e-08
LADYS,2025-06-23,3.552859017061105e-08
LADYS,2025-06-24,3.934250901220475e-08
LADYS,2025-06-25,3.9152771182689644e-08
LADYS,2025-06-26,3.758539714216828e-08
LADYS,2025-06-27,3.636740937067972e-08
LADYS,2025-06-28,3.671269934272762e-08
LADYS,2025-06-29,3.785827009811885e-08
LADYS,2025-06-30,3.887349371731228e-08
LADYS,2025-07-01,3.7501529363579766e-08
LADYS,2025-07-02,3.622396819134827e-08
LADYS,2025-07-03,3.833303963208647e-08
LADYS,2025-07-04,3.848274897167191e-08
LADYS,2025-07-05,3.7301674082279464e-08
LADYS,2025-07-06,3.6522036889497494e-08
LADYS,2025-07-07,3.71490854519954e-08
LADYS,2025-07-08,3.591262787386732e-08
LADYS,2025-07-08,3.645176067766873e-08
DUCKAI,2024-10-26,0.00020629102669496896
DUCKAI,2024-10-27,0.00020487291513262993
DUCKAI,2024-10-28,0.00011404598481538995
DUCKAI,2024-10-29,0.000292362594560777
DUCKAI,2024-10-30,0.00017600894194956507
DUCKAI,2024-10-31,0.00016573760314499708
DUCKAI,2024-11-01,0.0004275778704129613
DUCKAI,2024-11-02,0.0005256877842285182
DUCKAI,2024-11-03,0.00025297726877474865
DUCKAI,2024-11-04,0.00026577069881842356
DUCKAI,2024-11-05,0.000292525578443231
DUCKAI,2024-11-06,0.0002844529636854157
DUCKAI,2024-11-07,0.0002908452437853135
DUCKAI,2024-11-08,0.00026569050223449543
DUCKAI,2024-11-09,0.0010529529510335384
DUCKAI,2024-11-10,0.001053281891972225
DUCKAI,2024-11-11,0.0013807373694685692
DUCKAI,2024-11-12,0.0015717518945371678
DUCKAI,2024-11-13,0.0013039570581733885
DUCKAI,2024-11-14,0.0009184156041340643
DUCKAI,2024-11-15,0.00083535077183715
DUCKAI,2024-11-16,0.0010521102441631556
DUCKAI,2024-11-17,0.0009491351696191268
DUCKAI,2024-11-18,0.0008720980146082893
DUCKAI,2024-11-19,0.0008352066237186303
DUCKAI,2024-11-20,0.0005776487090716429
DUCKAI,2024-11-21,0.0006830061020481047
DUCKAI,2024-11-22,0.0018670778729525598
DUCKAI,2024-11-23,0.0017469207514364167
DUCKAI,2024-11-24,0.0012065126594892278
DUCKAI,2024-11-25,0.001523275167065597
DUCKAI,2024-11-26,0.00104183793968397
DUCKAI,2024-11-27,0.0006980967730326799
DUCKAI,2024-11-28,0.001209088557262609
DUCKAI,2024-11-29,0.000992713046407205
DUCKAI,2024-11-30,0.0022458085995067053
DUCKAI,2024-12-01,0.003118886534559648
DUCKAI,2024-12-02,0.002938840067999755
DUCKAI,2024-12-03,0.001837858196050088
DUCKAI,2024-12-04,0.0019996835541779136
DUCKAI,2024-12-05,0.0017769092982577238
DUCKAI,2024-12-06,0.0019173734542002247
DUCKAI,2024-12-07,0.0017698597447662447
DUCKAI,2024-12-08,0.0024502876214511295
DUCKAI,2024-12-09,0.002381196462446549
DUCKAI,2024-12-10,0.002154798531481091
DUCKAI,2024-12-11,0.0019291337584411653
DUCKAI,2024-12-12,0.0030618267248405033
DUCKAI,2024-12-13,0.0021826117868943896
DUCKAI,2024-12-14,0.003758160012472924
DUCKAI,2024-12-15,0.0034693474253492626
DUCKAI,2024-12-16,0.0069387312086345
DUCKAI,2024-12-17,0.006259523284101265
DUCKAI,2024-12-18,0.006218320410362266
DUCKAI,2024-12-19,0.004231560649776966
DUCKAI,2024-12-20,0.004565171558369713
DUCKAI,2024-12-21,0.005777254023826974
DUCKAI,2024-12-22,0.005277578769846046
DUCKAI,2024-12-23,0.0037646844153622293
DUCKAI,2024-12-24,0.004464483321325701
DUCKAI,2024-12-25,0.005556232870189025
DUCKAI,2024-12-26,0.0044927739637877695
DUCKAI,2024-12-27,0.003598062519910165
DUCKAI,2024-12-28,0.004985591066465642
DUCKAI,2024-12-29,0.0062938836967673575
DUCKAI,2024-12-30,0.006353658498822413
DUCKAI,2024-12-31,0.00876535141250421
DUCKAI,2025-01-01,0.00947098778603854
DUCKAI,2025-01-02,0.010708303992690986
DUCKAI,2025-01-03,0.015281418150233803
DUCKAI,2025-01-04,0.017698717013625586
DUCKAI,2025-01-05,0.024173646554237906
DUCKAI,2025-01-06,0.026824253548190034
DUCKAI,2025-01-07,0.017875501909376937
DUCKAI,2025-01-08,0.019507892677454088
DUCKAI,2025-01-09,0.029822822408296656
DUCKAI,2025-01-10,0.015369898020846602
DUCKAI,2025-01-11,0.027109529414450485
DUCKAI,2025-01-12,0.022449223078333556
DUCKAI,2025-01-13,0.01953094559800672
DUCKAI,2025-01-14,0.018165665101095817
DUCKAI,2025-01-15,0.01681017640587955
DUCKAI,2025-01-16,0.01915269071239746
DUCKAI,2025-01-17,0.017401507617484685
DUCKAI,2025-01-18,0.017404863617112562
DUCKAI,2025-01-19,0.014812011304226378
DUCKAI,2025-01-20,0.008971857877131152
DUCKAI,2025-01-21,0.015413198351297905
DUCKAI,2025-01-22,0.013793129197252356
DUCKAI,2025-01-23,0.01576395651714839
DUCKAI,2025-01-24,0.009238199323959891
DUCKAI,2025-01-25,0.009155186900285325
DUCKAI,2025-01-26,0.009274261749808742
DUCKAI,2025-01-27,0.007477299977170621
DUCKAI,2025-01-28,0.005701715327636095
DUCKAI,2025-01-29,0.004743687123558735
DUCKAI,2025-01-30,0.0054817292714872505
DUCKAI,2025-01-31,0.003559094924845166
DUCKAI,2025-02-01,0.0019779764219737565
DUCKAI,2025-02-02,0.001804794197717089
DUCKAI,2025-02-03,0.0016768705617938096
DUCKAI,2025-02-04,0.0027300516107080044
DUCKAI,2025-02-05,0.00225930189521558
DUCKAI,2025-02-06,0.0021211736982919196
DUCKAI,2025-02-07,0.002075202497771709
DUCKAI,2025-02-08,0.0018999992115522626
DUCKAI,2025-02-09,0.0017340461335134992
DUCKAI,2025-02-10,0.0015699202439637277
DUCKAI,2025-02-11,0.0017071576988542754
DUCKAI,2025-02-12,0.001701056596652121
DUCKAI,2025-02-13,0.001441289779231943
DUCKAI,2025-02-14,0.0012813842149185654
DUCKAI,2025-02-15,0.0012930815767659175
DUCKAI,2025-02-16,0.00105245673837519
DUCKAI,2025-02-17,0.0010325091283685784
DUCKAI,2025-02-18,0.0007337697531992589
DUCKAI,2025-02-19,0.0003327052756659857
DUCKAI,2025-02-20,0.0005139243905672027
DUCKAI,2025-02-21,0.0006390191220116121
DUCKAI,2025-02-22,0.0006417573487001077
DUCKAI,2025-02-23,0.0013029498470960824
DUCKAI,2025-02-24,0.0009393747016531344
DUCKAI,2025-02-25,0.0007521962208895558
DUCKAI,2025-02-26,0.0008656371996300478
DUCKAI,2025-02-27,0.0007534557809928306
DUCKAI,2025-02-28,0.0006809473869518906
DUCKAI,2025-03-01,0.0008249119339160643
DUCKAI,2025-03-02,0.0008139958761081855
DUCKAI,2025-03-03,0.001141703837115329
DUCKAI,2025-03-04,0.0008762874292494922
DUCKAI,2025-03-05,0.0007822535874393557
DUCKAI,2025-03-06,0.0007699118400263895
DUCKAI,2025-03-07,0.0007504214322614808
DUCKAI,2025-03-08,0.0007502315904844509
DUCKAI,2025-03-09,0.0005847122137662863
DUCKAI,2025-03-10,0.00046524835534343645
DUCKAI,2025-03-11,0.0004318558271700305
DUCKAI,2025-03-12,0.000456758182285419
DUCKAI,2025-03-13,0.00044483858025370503
DUCKAI,2025-03-14,0.00047252515725448624
DUCKAI,2025-03-15,0.000528674756975951
DUCKAI,2025-03-16,0.0005070927119457659
DUCKAI,2025-03-17,0.0004411799542258111
DUCKAI,2025-03-18,0.0003941248597457474
DUCKAI,2025-03-19,0.00038303120980563986
DUCKAI,2025-03-20,0.0003925859300944793
DUCKAI,2025-03-21,0.00034780731376620215
DUCKAI,2025-03-22,0.0003632856185539187
DUCKAI,2025-03-23,0.0003671837207983823
DUCKAI,2025-03-24,0.00039319021655901895
DUCKAI,2025-03-25,0.00042372589099763056
DUCKAI,2025-03-26,0.000459067079471796
DUCKAI,2025-03-27,0.0004088305792012514
DUCKAI,2025-03-28,0.0003439040753177441
DUCKAI,2025-03-29,0.00025066094055504936
DUCKAI,2025-03-30,0.0002199940294109664
DUCKAI,2025-03-31,0.0002257100354620902
DUCKAI,2025-04-01,0.000246023628606939
DUCKAI,2025-04-02,0.0002608267178615987
DUCKAI,2025-04-03,0.0002668497514162192
DUCKAI,2025-04-04,0.0002441433771717752
DUCKAI,2025-04-05,0.00024179781229491948
DUCKAI,2025-04-06,0.0002308185634915767
DUCKAI,2025-04-07,0.00018113627997763787
DUCKAI,2025-04-08,0.00016826039352610923
DUCKAI,2025-04-09,0.00016339485961982443
DUCKAI,2025-04-10,0.00019042055769431058
DUCKAI,2025-04-11,0.00018307999516952624
DUCKAI,2025-04-12,0.00020393491394675526
DUCKAI,2025-04-13,0.00023309126946046086
DUCKAI,2025-04-14,0.0002419990348761749
DUCKAI,2025-04-15,0.00023502619520631161
DUCKAI,2025-04-16,0.0010620360566293416
DUCKAI,2025-04-17,0.0023140787272211533
DUCKAI,2025-04-18,0.0015612051862578758
DUCKAI,2025-04-19,0.0011490021137924096
DUCKAI,2025-04-20,0.00133718552807714
DUCKAI,2025-04-21,0.0013421358557284748
DUCKAI,2025-04-22,0.0013391379324819745
DUCKAI,2025-04-23,0.001953275544823486
DUCKAI,2025-04-24,0.001507196877478796
DUCKAI,2025-04-25,0.0022144363962715383
DUCKAI,2025-04-26,0.0016001571033342368
DUCKAI,2025-04-27,0.001576038903747698
DUCKAI,2025-04-28,0.0013733534754099015
DUCKAI,2025-04-29,0.0014655011423398523
DUCKAI,2025-04-30,0.0014201076639606615
DUCKAI,2025-05-01,0.0011098835703861887
DUCKAI,2025-05-02,0.001171637477301541
DUCKAI,2025-05-03,0.0013095618465379997
DUCKAI,2025-05-04,0.0011039763148930402
DUCKAI,2025-05-05,0.0010448938935173518
DUCKAI,2025-05-06,0.0009978499512865826
DUCKAI,2025-05-07,0.0010012700684791556
DUCKAI,2025-05-08,0.0009358964655106368
DUCKAI,2025-05-09,0.001177414996336389
DUCKAI,2025-05-10,0.0010430878071744057
DUCKAI,2025-05-11,0.0011414958420925235
DUCKAI,2025-05-12,0.0009296263740834818
DUCKAI,2025-05-13,0.0010029831226776036
DUCKAI,2025-05-14,0.001014555617113733
DUCKAI,2025-05-15,0.0009008259588338801
DUCKAI,2025-05-16,0.0007673718935882952
DUCKAI,2025-05-17,0.0007049101151664999
DUCKAI,2025-05-18,0.0006865611050812818
DUCKAI,2025-05-19,0.0008054251241668485
DUCKAI,2025-05-20,0.0007017451507076504
DUCKAI,2025-05-21,0.0006683950907843441
DUCKAI,2025-05-22,0.0006284789423186512
DUCKAI,2025-05-23,0.0005137477937248496
DUCKAI,2025-05-24,0.0005117411146082156
DUCKAI,2025-05-25,0.0005369708556222822
DUCKAI,2025-05-26,0.0005072780678413073
DUCKAI,2025-05-27,0.0004757349328600035
DUCKAI,2025-05-28,0.0004704797204939867
DUCKAI,2025-05-29,0.0003609132963807695
DUCKAI,2025-05-30,0.00034559288873439503
DUCKAI,2025-05-31,0.00033733651801899005
DUCKAI,2025-06-01,0.0003209442057743063
DUCKAI,2025-06-02,0.00031693111701635673
DUCKAI,2025-06-03,0.0004391621408479868
DUCKAI,2025-06-04,0.0003371749138826294
DUCKAI,2025-06-05,0.00039064028415432414
DUCKAI,2025-06-06,0.000318544553992103
DUCKAI,2025-06-07,0.00033932232810552964
DUCKAI,2025-06-08,0.00042643762371233996
DUCKAI,2025-06-09,0.0003124772105458364
DUCKAI,2025-06-10,0.00031989367479459685
DUCKAI,2025-06-11,0.0003558327690701648
DUCKAI,2025-06-12,0.0003271066536677432
DUCKAI,2025-06-13,0.0002998477905709546
DUCKAI,2025-06-14,0.00034588356425137686
DUCKAI,2025-06-15,0.0005368177311622209
DUCKAI,2025-06-16,0.0004400913292587105
DUCKAI,2025-06-17,0.0004459891107481052
DUCKAI,2025-06-18,0.0005612040922887735
DUCKAI,2025-06-19,0.0005847146185041762
DUCKAI,2025-06-20,0.0005069805200381024
DUCKAI,2025-06-21,0.0004240374988745232
DUCKAI,2025-06-22,0.000387461631381979
DUCKAI,2025-06-23,0.00038223815796767206
DUCKAI,2025-06-24,0.0005567377059497742
DUCKAI,2025-06-25,0.0004737189248902484
DUCKAI,2025-06-26,0.0004295356237158233
DUCKAI,2025-06-27,0.00040440245891569553
DUCKAI,2025-06-28,0.0004185901598808776
DUCKAI,2025-06-29,0.0004549474829648698
DUCKAI,2025-06-30,0.00046654835810986707
DUCKAI,2025-07-01,0.00044819744853037
DUCKAI,2025-07-02,0.0004254021870159694
DUCKAI,2025-07-03,0.0004047062440434788
DUCKAI,2025-07-04,0.0004123354623957494
DUCKAI,2025-07-05,0.0003916424985735046
DUCKAI,2025-07-06,0.0004022687006897235
DUCKAI,2025-07-07,0.0003728941335903625
DUCKAI,2025-07-08,0.00036862633964414494
DUCKAI,2025-07-08,0.00036803608077830687
CAT,2024-12-19,0.00021256712427827768
CAT,2024-12-20,0.00021256712427827768
CAT,2024-12-21,0.00013828840574779046
CAT,2024-12-22,0.0001406406895105328
CAT,2024-12-23,0.00011206971563141246
CAT,2024-12-24,9.412298983563504e-05
CAT,2024-12-25,6.0003335371290446e-05
CAT,2024-12-26,8.298379445568779e-05
CAT,2024-12-27,0.0001069276351716699
CAT,2024-12-28,9.689765351934539e-05
CAT,2024-12-29,0.00014060222945132635
CAT,2024-12-30,0.0001068663483714544
CAT,2024-12-31,0.00010041697996030113
CAT,2025-01-01,0.0001245494301524928
CAT,2025-01-02,0.00012303341402086302
CAT,2025-01-03,9.931653434108627e-05
CAT,2025-01-04,7.916790937847765e-05
CAT,2025-01-05,8.880333824199895e-05
CAT,2025-01-06,0.0001007047142978777
CAT,2025-01-07,0.00018156019155212062
CAT,2025-01-08,0.00030620711416769414
CAT,2025-01-09,0.00029301212902455227
CAT,2025-01-10,0.0003539253004833019
CAT,2025-01-11,0.0003268793092297301
CAT,2025-01-12,0.0001393719880593174
CAT,2025-01-13,0.0001269174235181394
CAT,2025-01-14,0.00016323155953109958
CAT,2025-01-15,0.0001512838238445343
CAT,2025-01-16,0.00011364358406623564
CAT,2025-01-17,0.0001039728546575794
CAT,2025-01-18,0.00011582946285526325
CAT,2025-01-19,9.65726868302372e-05
CAT,2025-01-20,6.406743434532309e-05
CAT,2025-01-21,6.328220511668164e-05
CAT,2025-01-22,7.535087639962109e-05
CAT,2025-01-23,6.63910585520128e-05
CAT,2025-01-24,8.134038682806077e-05
CAT,2025-01-25,6.505998545703458e-05
CAT,2025-01-26,6.564424047252457e-05
CAT,2025-01-27,6.0881942078886874e-05
CAT,2025-01-28,5.891314617325257e-05
CAT,2025-01-29,6.0783433965449815e-05
CAT,2025-01-30,5.949573307437966e-05
CAT,2025-01-31,6.683012810920783e-05
CAT,2025-02-01,6.097771656581272e-05
CAT,2025-02-02,5.598706436965218e-05
CAT,2025-02-03,6.130169752975196e-05
CAT,2025-02-04,6.224808571717186e-05
CAT,2025-02-05,5.238625089860789e-05
CAT,2025-02-06,4.872114690737583e-05
CAT,2025-02-07,4.808839927742485e-05
CAT,2025-02-08,4.9502531365592966e-05
CAT,2025-02-09,5.159964518491684e-05
CAT,2025-02-10,5.099576117426632e-05
CAT,2025-02-11,5.7948383874548985e-05
CAT,2025-02-12,5.702614842718167e-05
CAT,2025-02-13,4.852006605607425e-05
CAT,2025-02-14,4.7633611157503446e-05
CAT,2025-02-15,4.8491427648739466e-05
CAT,2025-02-16,4.6891071493759245e-05
CAT,2025-02-17,4.555426531876575e-05
CAT,2025-02-18,4.2503724935529835e-05
CAT,2025-02-19,4.016236731263933e-05
CAT,2025-02-20,4.0806697638707324e-05
CAT,2025-02-21,4.229659649618616e-05
CAT,2025-02-22,4.010953738539182e-05
CAT,2025-02-23,4.0310769419594774e-05
CAT,2025-02-24,6.227597749219955e-05
CAT,2025-02-25,5.1498767153125056e-05
CAT,2025-02-26,5.257717192471474e-05
CAT,2025-02-27,4.498463458687929e-05
CAT,2025-02-28,4.43989434322389e-05
CAT,2025-03-01,5.176131707574272e-05
CAT,2025-03-02,3.974671244907896e-05
CAT,2025-03-03,5.0650114393562376e-05
CAT,2025-03-04,4.129588280267629e-05
CAT,2025-03-05,4.193062225627548e-05
CAT,2025-03-06,3.8558190858530436e-05
CAT,2025-03-07,3.8993781379938865e-05
CAT,2025-03-08,3.628639720503843e-05
CAT,2025-03-09,3.2405468365627104e-05
CAT,2025-03-10,2.9012520176708944e-05
CAT,2025-03-11,3.154792413829626e-05
CAT,2025-03-12,3.742740035566896e-05
CAT,2025-03-13,3.4183605038719465e-05
CAT,2025-03-14,3.1303612631490874e-05
CAT,2025-03-15,2.9500704016701705e-05
CAT,2025-03-16,2.730872649720568e-05
CAT,2025-03-17,2.2026263532794097e-05
CAT,2025-03-18,2.166347209128551e-05
CAT,2025-03-19,2.0901094870719962e-05
CAT,2025-03-20,3.2337433417989885e-05
CAT,2025-03-21,2.718401683805706e-05
CAT,2025-03-22,2.8535718440599215e-05
CAT,2025-03-23,2.5722020596772228e-05
CAT,2025-03-24,2.639294480269189e-05
CAT,2025-03-25,2.6523733588703774e-05
CAT,2025-03-26,2.953265010013849e-05
CAT,2025-03-27,2.467528281392105e-05
CAT,2025-03-28,2.4184789735481164e-05
CAT,2025-03-29,2.24848116204486e-05
CAT,2025-03-30,2.1146509325391477e-05
CAT,2025-03-31,1.9155361903367133e-05
CAT,2025-04-01,1.6674260055354553e-05
CAT,2025-04-02,1.9793171576349376e-05
CAT,2025-04-03,1.4818775441675636e-05
CAT,2025-04-04,2.050591137342757e-05
CAT,2025-04-05,1.4185230442885005e-05
CAT,2025-04-06,1.4570465491796775e-05
CAT,2025-04-07,1.291391928173345e-05
CAT,2025-04-08,1.3005929383414903e-05
CAT,2025-04-09,1.2647955956435298e-05
CAT,2025-04-10,1.2802397540714564e-05
CAT,2025-04-11,1.208550885610849e-05
CAT,2025-04-12,1.2026698517028199e-05
CAT,2025-04-13,1.4474819535798715e-05
CAT,2025-04-14,1.3961982784886659e-05
CAT,2025-04-15,1.3892727269496196e-05
CAT,2025-04-16,1.3496068808902243e-05
CAT,2025-04-17,1.3436059419992782e-05
CAT,2025-04-20,1.4371745775164361e-05
CAT,2025-04-21,1.4371745775164361e-05
CAT,2025-04-22,1.4132168189539166e-05
CAT,2025-04-23,1.572630726679319e-05
CAT,2025-04-24,1.5854190047176554e-05
CAT,2025-04-25,1.5522313050877872e-05
CAT,2025-04-26,1.4838818894116634e-05
CAT,2025-04-27,1.4500950047225479e-05
CAT,2025-04-28,1.4391785701193343e-05
CAT,2025-04-29,9.903189322344716e-06
CAT,2025-04-30,9.870172725160606e-06
CAT,2025-05-01,1.0183372418947715e-05
CAT,2025-05-02,1.0602417713728932e-05
CAT,2025-05-03,1.0348432348956007e-05
CAT,2025-05-04,9.951537521220827e-06
CAT,2025-05-05,9.951537521220827e-06
CAT,2025-05-06,9.815015406690599e-06
CAT,2025-05-07,9.815015406690599e-06
CAT,2025-05-08,9.73463913518087e-06
CAT,2025-05-12,1.1626572544880501e-05
CAT,2025-05-13,1.1626572544880501e-05
CAT,2025-05-14,1.2915499941636205e-05
CAT,2025-05-15,1.1832786626462037e-05
CAT,2025-05-16,1.134991838337969e-05
CAT,2025-05-17,1.1290483540116539e-05
CAT,2025-05-18,1.1044996241186548e-05
CAT,2025-05-19,1.1504160468700165e-05
CAT,2025-05-20,1.1087527096403094e-05
CAT,2025-05-21,1.1338133283052198e-05
CAT,2025-05-22,1.1451859783094632e-05
CAT,2025-05-23,1.1894919713777282e-05
CAT,2025-05-24,1.1852550514004663e-05
CAT,2025-05-25,1.1852550514004663e-05
CAT,2025-05-26,1.1523373875977503e-05
CAT,2025-05-27,1.1621862666204002e-05
CAT,2025-05-28,1.1710492551608732e-05
CAT,2025-05-29,1.1597536351228589e-05
CAT,2025-05-30,1.02511491805245e-05
CAT,2025-05-31,1.02511491805245e-05
CAT,2025-06-01,1.0406530482998817e-05
CAT,2025-06-02,1.0518000624666992e-05
CAT,2025-06-03,1.0487551696114336e-05
CAT,2025-06-04,1.0467095190586265e-05
CAT,2025-06-05,1.0441996456256188e-05
CAT,2025-06-06,9.839260222970874e-06
CAT,2025-06-07,1.0120967850299367e-05
CAT,2025-06-08,1.0196076271932885e-05
CAT,2025-06-09,1.0327516628103764e-05
CAT,2025-06-10,1.0110462580838109e-05
CAT,2025-06-11,1.1707750598773052e-05
CAT,2025-06-12,1.1707750598773052e-05
CAT,2025-06-13,1.072842667184095e-05
CAT,2025-06-14,1.0232647559208597e-05
CAT,2025-06-15,1.0414833949249184e-05
CAT,2025-06-16,1.1038627788637788e-05
CAT,2025-06-17,1.1381121780478224e-05
CAT,2025-06-18,1.1381121780478224e-05
CAT,2025-06-19,1.0567406288463053e-05
CAT,2025-06-20,1.0588912690288105e-05
CAT,2025-06-21,1.0287729376938078e-05
CAT,2025-06-22,1.029849437484965e-05
CAT,2025-06-23,1.0332733581024836e-05
CAT,2025-06-24,1.0332733581024836e-05
CAT,2025-06-25,1.0308105245697703e-05
CAT,2025-06-26,9.97844845568698e-06
CAT,2025-06-27,1.0102821929810175e-05
CAT,2025-06-28,1.0464100709309544e-05
CAT,2025-06-29,1.0464100709309544e-05
CAT,2025-06-30,1.0518762593915477e-05
CAT,2025-07-01,1.0545671628358609e-05
CAT,2025-07-02,1.0531720495397196e-05
CAT,2025-07-05,9.885696248557512e-06
CAT,2025-07-06,9.885696248557512e-06
CAT,2025-07-07,1.0029312367485046e-05
CAT,2025-07-08,9.843558836458071e-06
CORGI,2024-07-09,0.012167315751096383
CORGI,2024-07-10,0.012192021364904803
CORGI,2024-07-11,0.012061226770014801
CORGI,2024-07-12,0.01203107795106819
CORGI,2024-07-13,0.014105568686901786
CORGI,2024-07-14,0.014105568686901786
CORGI,2024-07-15,0.012248326152626433
CORGI,2024-07-16,0.013347867570838988
CORGI,2024-07-17,0.01340865739914404
CORGI,2024-07-18,0.012861959637847885
CORGI,2024-07-19,0.013076780348066929
CORGI,2024-07-20,0.013901698964523158
CORGI,2024-07-21,0.015126419310482322
CORGI,2024-07-22,0.015126419310482322
CORGI,2024-07-23,0.014690592474902803
CORGI,2024-07-24,0.014144352729501288
CORGI,2024-07-25,0.014599478287451038
CORGI,2024-07-26,0.014639153195936942
CORGI,2024-07-28,0.015370303493065804
CORGI,2024-07-29,0.015370303493065804
CORGI,2024-07-30,0.015066012422332981
CORGI,2024-07-31,0.014775028306315796
CORGI,2024-08-01,0.013949107521407334
CORGI,2024-08-02,0.013760720448091013
CORGI,2024-08-03,0.013639761712568494
CORGI,2024-08-04,0.011673190943857405
CORGI,2024-08-05,0.011673190943857405
CORGI,2024-08-06,0.010894567115248718
CORGI,2024-08-07,0.011871303254655815
CORGI,2024-08-08,0.010822583064303724
CORGI,2024-08-09,0.011659450027590631
CORGI,2024-08-10,0.011157933272103878
CORGI,2024-08-11,0.010995413925740754
CORGI,2024-08-12,0.010585840141998584
CORGI,2024-08-13,0.010276378846324449
CORGI,2024-08-14,0.010281608836204225
CORGI,2024-08-15,0.010179379821156615
CORGI,2024-08-16,0.009924660571290567
CORGI,2024-08-17,0.009615893543920052
CORGI,2024-08-18,0.009732745476423835
CORGI,2024-08-19,0.009945101624063249
CORGI,2024-08-20,0.009776967197121251
CORGI,2024-08-22,0.009569738378946386
CORGI,2024-08-23,0.009494130792031005
CORGI,2024-08-24,0.010277726839951398
CORGI,2024-08-25,0.010272405900857614
CORGI,2024-08-26,0.009889329044238993
CORGI,2024-08-27,0.0098580456484655
CORGI,2024-08-29,0.008267637679536444
CORGI,2024-08-30,0.008267637679536444
CORGI,2024-08-31,0.009079245545950874
CORGI,2024-09-01,0.008126727922359175
CORGI,2024-09-02,0.007963259474528788
CORGI,2024-09-08,0.00801955394993289
CORGI,2024-09-09,0.00801955394993289
CORGI,2024-09-10,0.007992099075121094
CORGI,2024-09-12,0.008073530342760891
CORGI,2024-09-13,0.008073530342760891
CORGI,2024-09-18,0.007666864394313365
CORGI,2024-09-19,0.007666864394313365
CORGI,2024-09-23,0.00851501786969486
CORGI,2024-09-24,0.00851501786969486
CORGI,2024-09-25,0.009034806062843693
CORGI,2024-09-26,0.008972220826033515
CORGI,2024-09-27,0.009647576219100886
CORGI,2024-09-28,0.009611909727606756
CORGI,2024-09-29,0.009506330642585728
CORGI,2024-09-30,0.010029259694660298
CORGI,2024-10-01,0.009474560031682264
CORGI,2024-10-02,0.008913706609171387
CORGI,2024-10-03,0.008443289841109326
CORGI,2024-10-04,0.00815623547324585
CORGI,2024-10-05,0.008843850607461956
CORGI,2024-10-06,0.00936609048877022
CORGI,2024-10-07,0.009568066723549836
CORGI,2024-10-08,0.009508466349709414
CORGI,2024-10-09,0.009515281577986156
CORGI,2024-10-10,0.009166640038906451
CORGI,2024-10-11,0.00887354641960125
CORGI,2024-10-12,0.009183232751278709
CORGI,2024-10-13,0.010993977489033016
CORGI,2024-10-14,0.01020265458917593
CORGI,2024-10-15,0.011218774509922152
CORGI,2024-10-16,0.011085701466328753
CORGI,2024-10-17,0.010526169302147474
CORGI,2024-10-18,0.010085315556193047
CORGI,2024-10-19,0.014465462895424153
CORGI,2024-10-20,0.010874785971208872
CORGI,2024-10-21,0.011544724431221101
CORGI,2024-10-22,0.011237036912966299
CORGI,2024-10-23,0.012288529429451448
CORGI,2024-10-24,0.011624791819350104
CORGI,2024-10-25,0.012197173450482686
CORGI,2024-10-26,0.011252862185054861
CORGI,2024-10-27,0.011780313626857072
CORGI,2024-10-28,0.012833316854114178
CORGI,2024-10-29,0.012233361701301881
CORGI,2024-10-30,0.012304852689297723
CORGI,2024-10-31,0.01437904076488297
CORGI,2024-11-01,0.011810784697006575
CORGI,2024-11-02,0.013970542781911706
CORGI,2024-11-03,0.014007971930713578
CORGI,2024-11-04,0.015179971553193979
CORGI,2024-11-05,0.014728168537527746
CORGI,2024-11-06,0.014136013221361226
CORGI,2024-11-07,0.015051232229976131
CORGI,2024-11-08,0.015465798882577866
CORGI,2024-11-09,0.014344712879527021
CORGI,2024-11-10,0.01445111674459775
CORGI,2024-11-11,0.015172630653750237
CORGI,2024-11-12,0.017986385432176864
CORGI,2024-11-13,0.016564900660877683
CORGI,2024-11-14,0.014880672392070936
CORGI,2024-11-15,0.015331441985395017
CORGI,2024-11-16,0.014241834568970314
CORGI,2024-11-17,0.017267326587426312
CORGI,2024-11-18,0.022406124914117455
CORGI,2024-11-19,0.028120692395655532
CORGI,2024-11-20,0.04319450619422045
CORGI,2024-11-21,0.030237252121766582
CORGI,2024-11-22,0.028020506739946337
CORGI,2024-11-23,0.0270396452329162
CORGI,2024-11-24,0.027312234564602106
CORGI,2024-11-25,0.02828119036870638
CORGI,2024-11-26,0.02673187877477007
CORGI,2024-11-27,0.02499724141116589
CORGI,2024-11-28,0.026471025262239156
CORGI,2024-11-29,0.026366712425086886
CORGI,2024-11-30,0.02614395825342972
CORGI,2024-12-01,0.025828616529974376
CORGI,2024-12-02,0.025343734845012744
CORGI,2024-12-03,0.023572544637975375
CORGI,2024-12-04,0.02029058908579732
CORGI,2024-12-05,0.019535629488757332
CORGI,2024-12-06,0.020602998970438022
CORGI,2024-12-07,0.021065807397749232
CORGI,2024-12-08,0.021154793010874102
CORGI,2024-12-09,0.020516925714709564
CORGI,2024-12-10,0.01872522730390942
CORGI,2024-12-11,0.018442288656882654
CORGI,2024-12-12,0.020013832758140483
CORGI,2024-12-13,0.020013832758140483
CORGI,2024-12-14,0.019339262657603735
CORGI,2024-12-15,0.017395217939609735
CORGI,2024-12-16,0.018744457349521595
CORGI,2024-12-17,0.018774955317249722
CORGI,2024-12-18,0.01829755426489476
CORGI,2024-12-19,0.016704268573819975
CORGI,2024-12-20,0.01594987581688603
CORGI,2024-12-21,0.015652808805384017
CORGI,2024-12-22,0.014574017203035469
CORGI,2024-12-23,0.014398835849485724
CORGI,2024-12-24,0.015360268561506489
CORGI,2024-12-25,0.016073832368688534
CORGI,2024-12-26,0.015432097195464935
CORGI,2024-12-27,0.014897843532157585
CORGI,2024-12-28,0.014468665841642282
CORGI,2024-12-29,0.015171600394301422
CORGI,2024-12-30,0.014589625942364742
CORGI,2024-12-31,0.013438472530980199
CORGI,2025-01-01,0.013337835615309108
CORGI,2025-01-02,0.01349381871177773
CORGI,2025-01-03,0.014792395822298724
CORGI,2025-01-04,0.014273404613549898
CORGI,2025-01-05,0.013993035934130376
CORGI,2025-01-06,0.013799282538387619
CORGI,2025-01-07,0.014027060370069228
CORGI,2025-01-08,0.01297234225407758
CORGI,2025-01-09,0.01257545791699241
CORGI,2025-01-10,0.01169415039615953
CORGI,2025-01-11,0.011812692158399826
CORGI,2025-01-12,0.011814502605632786
CORGI,2025-01-13,0.011680930569798815
CORGI,2025-01-14,0.011134684628867358
CORGI,2025-01-15,0.011515180229010762
CORGI,2025-01-16,0.011515180229010762
CORGI,2025-01-17,0.012168692872826358
CORGI,2025-01-18,0.013396140415048143
CORGI,2025-01-19,0.01596262638769339
CORGI,2025-01-20,0.014738573448122601
CORGI,2025-01-21,0.015328517732527424
CORGI,2025-01-22,0.012888312284589353
CORGI,2025-01-23,0.013181767091292085
CORGI,2025-01-24,0.013103432844720106
CORGI,2025-01-25,0.012465213261233956
CORGI,2025-01-26,0.012361455515852927
CORGI,2025-01-27,0.012231401495191417
CORGI,2025-01-28,0.012156794116802021
CORGI,2025-01-29,0.011666997629156869
CORGI,2025-01-30,0.0118417268867126
CORGI,2025-01-31,0.012418775998482066
CORGI,2025-02-01,0.012010817227971371
CORGI,2025-02-02,0.011082433068840382
CORGI,2025-02-03,0.010622969485110975
CORGI,2025-02-04,0.011120152373197963
CORGI,2025-02-05,0.010991116214412018
CORGI,2025-02-06,0.009873549686332214
CORGI,2025-02-07,0.009360158147620135
CORGI,2025-02-08,0.00948983940783441
CORGI,2025-02-12,0.010453342997410632
CORGI,2025-02-13,0.009995581751248754
CORGI,2025-02-14,0.009995581751248754
CORGI,2025-02-15,0.01017695271734684
CORGI,2025-02-16,0.00993997044491
CORGI,2025-02-17,0.009589661898971926
CORGI,2025-02-19,0.011365487315676562
CORGI,2025-02-20,0.011365487315676562
CORGI,2025-02-21,0.009493036265112404
CORGI,2025-02-22,0.009099257004867186
CORGI,2025-02-23,0.008616225483532743
CORGI,2025-02-24,0.008421302103806119
CORGI,2025-02-25,0.008465687992615158
CORGI,2025-02-26,0.007113094646597426
CORGI,2025-02-27,0.006327532601749009
CORGI,2025-02-28,0.006569556602966886
CORGI,2025-03-01,0.007094249535430319
CORGI,2025-03-02,0.006854310332516203
CORGI,2025-03-03,0.008445733033453993
CORGI,2025-03-04,0.00822058328740008
CORGI,2025-03-05,0.006863023719323264
CORGI,2025-03-06,0.00672777562928225
CORGI,2025-03-07,0.006551936887968319
CORGI,2025-03-08,0.00662471522356852
CORGI,2025-03-11,0.005905186054726021
CORGI,2025-03-12,0.005905186054726021
CORGI,2025-03-16,0.00579766527808692
CORGI,2025-03-17,0.00579766527808692
CORGI,2025-03-18,0.005893711399057031
CORGI,2025-03-19,0.005713825716170811
CORGI,2025-03-20,0.00584597767294333
CORGI,2025-03-21,0.00584597767294333
CORGI,2025-03-22,0.005842169327570817
CORGI,2025-03-23,0.005851657166415529
CORGI,2025-03-24,0.005901665685702836
CORGI,2025-03-25,0.0065064773207993976
CORGI,2025-03-26,0.0068372833195203785
CORGI,2025-03-27,0.0067479930171643375
CORGI,2025-03-30,0.005909344743232721
CORGI,2025-03-31,0.005909344743232721
CORGI,2025-04-01,0.0060453450980289015
CORGI,2025-04-02,0.006052319621373722
CORGI,2025-04-03,0.005642502624253627
CORGI,2025-04-04,0.005642502624253627
CORGI,2025-04-07,0.005184839367881222
CORGI,2025-04-08,0.005184839367881222
CORGI,2025-04-15,0.006169753441759915
CORGI,2025-04-16,0.006169753441759915
CORGI,2025-04-17,0.006177964333484102
CORGI,2025-04-24,0.007441504690242799
CORGI,2025-04-25,0.007441504690242799
CORGI,2025-04-26,0.007432197867164525
CORGI,2025-04-27,0.007273957726256772
CORGI,2025-04-28,0.007273957726256772
CORGI,2025-04-29,0.007252036825994596
CORGI,2025-05-01,0.0073756967311175365
CORGI,2025-05-02,0.0073756967311175365
CORGI,2025-05-03,0.007177439025066088
CORGI,2025-05-04,0.007177439025066088
CORGI,2025-05-05,0.0071741724562058755
CORGI,2025-05-06,0.00743418292406857
CORGI,2025-05-07,0.007372438452019391
CORGI,2025-05-08,0.0074889240263073175
CORGI,2025-05-10,0.008566292948707305
CORGI,2025-05-11,0.008566292948707305
CORGI,2025-05-12,0.008641098226822444
CORGI,2025-05-13,0.008756170055292993
CORGI,2025-05-14,0.008606126135338331
CORGI,2025-05-15,0.008749516907759308
CORGI,2025-05-16,0.00837396982237721
CORGI,2025-05-17,0.008601614115005133
CORGI,2025-05-18,0.008058606808784953
CORGI,2025-05-19,0.008160765576534595
CORGI,2025-05-20,0.007743806032553266
CORGI,2025-05-21,0.007764290907199116
CORGI,2025-05-22,0.008190459653457239
CORGI,2025-05-23,0.008190459653457239
CORGI,2025-05-24,0.008339905647012471
CORGI,2025-05-27,0.008063870126852122
CORGI,2025-05-28,0.008063870126852122
CORGI,2025-05-29,0.0076709949210568805
CORGI,2025-05-30,0.0076709949210568805
CORGI,2025-05-31,0.007056123313830788
CORGI,2025-06-01,0.007056123313830788
CORGI,2025-06-02,0.0071116546724420806
CORGI,2025-06-03,0.00702098305579514
CORGI,2025-06-04,0.0069676159256388814
CORGI,2025-06-05,0.006806947088888582
CORGI,2025-06-06,0.006426395939653773
CORGI,2025-06-07,0.006604323813950537
CORGI,2025-06-08,0.006780523848802544
CORGI,2025-06-09,0.00678069132657485
CORGI,2025-06-10,0.006680559213222628
CORGI,2025-06-11,0.007263660915439409
CORGI,2025-06-12,0.007234639580326508
CORGI,2025-06-13,0.007234639580326508
CORGI,2025-06-14,0.006567474606189989
CORGI,2025-06-15,0.0063837119776706235
CORGI,2025-06-16,0.006827368276303787
CORGI,2025-06-17,0.006975749452337441
CORGI,2025-06-22,0.005574314430987527
CORGI,2025-06-23,0.005574314430987527
CORGI,2025-06-24,0.0056796780727029865
CORGI,2025-06-25,0.005759478078378312
CORGI,2025-06-26,0.005759478078378312
CORGI,2025-06-27,0.005703757811638347
CORGI,2025-06-28,0.005705823897637512
CORGI,2025-06-29,0.005761051728368638
CORGI,2025-06-30,0.0060401000954816795
CORGI,2025-07-02,0.006063313333974051
CORGI,2025-07-03,0.006063313333974051
CORGI,2025-07-04,0.005795533921713652
CORGI,2025-07-04,0.005795533921713652
CORGI,2025-07-05,0.005795533921713652
