cmc_id,symbol,name,narrative,price,volume,market_cap
74,DOGE,Dogecoin,meme,0.16880916492848067,1008729842.9722244,25322836016.176674
5994,SHIB,Shiba Inu,meme,1.1778109460820372e-05,116055420.3934188,6940216265.753898
24478,PEPE,Pepe,meme,9.928665246890993e-06,620230475.0696031,4176889186.408197
3773,FET,Artificial Superintelligence Alliance,ai,0.6680748037279274,90235210.28423913,1598453720.6174378
10804,FLOKI,FLOKI,meme,8.321481942742147e-05,123680809.119515,800864311.7112283
28782,POPCAT,Popcat (SOL),meme,0.283479920301894,44146182.79562938,277802720.26840127
30126,MEW,cat in a dogs world,meme,0.0026998379555267147,26852921.4298545,239985596.04441923
10407,BabyDoge,Baby Doge Coin,meme,1.247331965101862e-09,27915912.5096991,208444102.4132284
29256,USDY,Ondo US Dollar Yield,rwa,1.0970107228513262,1413083.52979739,637766933.469257
35491,M,MemeCore,meme,0.1924907715883604,67555214.2454186,304001581.43106866
36671,SAHARA,Sahara AI,ai,0.07753748214975582,126890739.89601699,158176463.58550188
35347,MELANIA,Official Melania Meme,meme,0.17802925277144757,11865739.20779174,145983625.40974763
34880,ALCH,Alchemist AI,ai,0.1324236029864065,15171066.71482964,112560062.53844553
29870,BOME,BOOK OF MEME,meme,0.0015377483370709478,33465388.55871243,105996632.99943374
32968,AIC,AI Companions,ai,0.13291652220121883,6069991.235185,99687351.77595747
27178,PAAL,PAAL AI,ai,0.09653883522407004,4855154.9698887,94209017.15171568
23355,0x0,0x0.ai,ai,0.09654887773406948,312339.67089367,83858826.82107596
10688,YGG,Yield Guild Games,gaming,0.14663357360501805,12183682.61355177,77363319.89308186
28301,MEME,Memecoin,meme,0.001501817477932214,18991816.34761813,75479685.64048906
20605,TAI,TARS AI,ai,0.07694277865300996,3966338.47137762,68647558.75081113
9436,ELON,Dogelon Mars,meme,1.1590027315589797e-07,3255486.71428216,63704906.202391714
19055,AITECH,Solidus Ai Tech,ai,0.03882374131398595,8000078.63621166,59848457.183392964
25220,BITCOIN,HarryPotterObamaSonic10Inu (ERC-20),meme,0.05663767452294818,4618372.50160277,56626242.49153409
31246,GAME,GameBuild,gaming,0.0030540734855003743,4370689.02959868,54136443.85193173
28688,AIAT,AI Analysis Token,ai,0.3545229865228239,445752.29530915,51898429.36837437
15584,HEART,Humans.ai,ai,0.006371905154227411,411079.56188769,49700860.202973805
32724,CAT,Simon's Cat,meme,6.775665065646244e-06,7574249.30399396,49429948.84002145
29933,UDS,Undeads Games,gaming,1.0520033998586904,695247.797407,48179658.0187487
35943,PUNDIAI,Pundi AI,ai,6.357028543999089,2129004.35467051,44865440.9364705
11865,BONE,Bone ShibaSwap,meme,0.19218433253375153,3219112.70266557,44187665.673381954
16876,ALI,Artificial Liquid Intelligence,ai,0.004614168043422863,1119049.16838113,42072404.96131852
21706,GRND,SuperWalk,rwa,0.058659009336053454,206518.41685853,39758797.07521372
28846,AI,Sleepless AI,ai,0.10872548448813853,6694376.93252419,39671210.971037984
24835,PEPECOIN,PepeCoin,meme,0.34950112307866615,544434.76020816,37416618.33048839
33566,ACT,Act I : The AI Prophecy,ai,0.03813547538208038,16485316.51185464,36161768.02014748
30637,KEYCAT,Keyboard Cat,meme,0.0036013077942129105,1962821.06924906,36013077.942129105
12749,NAKA,Nakamoto Games,gaming,0.33018479603249196,7816967.39834421,34921549.863268524
28675,COQ,Coq Inu,meme,4.659311076168785e-07,2864978.31411913,32344937.490763705
20964,LBT,Law Blocks (AI),ai,0.1309380945725694,329405.78172356,32079569.722833227
29513,GPU,Node AI,ai,0.30986239477704947,5637523.50879836,30387999.16478777
24502,WOJAK,Wojak,meme,0.0004269971892632374,1164571.26682575,29635623.238282062
35482,AGIALPHA,AGI ALPHA AGENT,ai,0.027962152793930155,391774.8056305,27962066.217792295
25023,LADYS,Milady Meme Coin,meme,3.646411009725106e-08,4449308.98842405,26778003.522815105
34926,ARC,AI Rig Complex,ai,0.025394343097414382,819736.24996158,25394300.409523636
32966,CATI,Catizen,meme,0.07790424396246194,6758142.71673922,25380423.640530474
32171,$PURPE,Purple Pepe,meme,5.1400425427263576e-05,843711.36003918,21444966.911374867
24477,AIDOGE,ArbDoge AI,meme,1.18393634603496e-10,4462398.94610555,20654467.716054134
6069,ASM,Assemble AI,ai,0.013235106023950243,202471.39878243,19852659.035925366
31806,PEP,Pepecoin,meme,0.00020114771593892852,44919.16171944,19823710.848929223
34158,VERTAI,Vertical AI,ai,0.1965892777910098,532610.86475101,19658927.77910098
28446,SPECTRE,SPECTRE AI,ai,1.8947055907011419,614768.05539518,18934116.96253252
28567,PALM,PaLM AI,ai,0.2449896381412137,110359.11787984,18895983.735901505
29220,PORK,PepeFork,meme,4.7381974893379386e-08,491189.87489457,18788646.144197818
23802,KIBSHI,KiboShib,meme,1.8706874224096025e-05,305944.98658915,18706874.224096026
31248,GME,GameStop (gamestop-coin.vip),gaming,4.3613334075749334e-05,931769.49647969,17938054.575341113
23397,GFAL,Games for a Living,gaming,0.004701920962215191,152164.71543303,17814533.460683748
25714,CROWN,Crown by Third Time Games,gaming,0.09171001755161315,79753.94315781,17481384.14593139
6554,GHX,GamerCoin,gaming,0.026225159145079776,333593.73673127,17045438.798756238
35601,DOGEAI,DOGEai,meme,0.022017461669395465,1947296.89972407,16513096.252046598
18966,MAY,Mayflower AI,ai,0.05945670594632836,333922.08736887,15671639.465730418
15270,VINU,Vita Inu,meme,1.6010758599547168e-08,2301559.20646314,14403235.889426574
20490,ROG,ROGin AI,ai,0.21212663277000182,52029.75942179,14210336.318577306
36805,AVM,Agent Virtual Machine,ai,0.26099280248715984,1158231.53028188,13871767.452192545
15752,BLOCK,Blockasset,rwa,0.07710708090625713,340746.75224398,13324975.491279634
36605,ZEUS,Pepes Dog,meme,3.093647298858141e-08,2869654.73320005,13014664.821566314
30953,SBBTC,ShibaBitcoin,meme,109.47922101101712,410373.27865321,12763477.413222888
34994,DEGENAI,Degen Spartan AI,ai,0.01212847429330049,2942584.72573287,12127867.833200403
11783,GAFI,GameFi.org,gaming,1.0765003768082306,306081.29429762,11782364.640474092
35669,CAR,Central African Republic Meme,meme,0.011496513644134397,842344.10755004,11496129.57085221
33464,MEMEFI,MemeFi,meme,0.0011079044893670513,4728226.65949523,11079044.893670512
9286,LEASH,Doge Killer,meme,103.02989608255571,905200.44732772,10963152.705992404
35804,WEPE,Wall Street Pepe,meme,6.985282771371221e-05,2413896.92933321,10765387.714766145
33405,KOMA,Koma Inu,meme,0.01814317666299148,2834448.85225829,9905504.487003144
36696,PEPU,Pepe Unchained,meme,0.0006070230207085698,398120.70180094,9712368.331337117
35736,G7,Game7,gaming,0.00406856505316061,209501.4861089,9357699.614132274
35188,BUZZ,Hive AI,ai,0.009252624801805486,12957688.67737505,9251395.683126815
19650,VOLT,Volt Inu,meme,1.5518795973971465e-07,380047.89864231,8499068.364214689
32778,DOGE,Department Of Government Efficiency (dogegov.com),meme,0.008149855401660815,1348097.55122942,7979688.487606436
9386,KISHU,Kishu Inu,meme,8.0407305198954e-11,217178.40569587,7488822.5862584375
35867,LCAT,Lion Cat,meme,0.01729000867686657,118990.59963918,7339608.683329859
20497,WAGMIGAMES,WAGMI Games,gaming,4.068227702386515e-06,393411.37599802,7340525.637944872
33783,RWA,Allo,rwa,0.0038354496332092297,4515137.87256544,6903809.339776614
26497,CLORE,Clore.ai,ai,0.012086838227720617,1578368.87432762,6748157.434056888
36819,MASK,catwifmask,meme,0.0065915291231975065,1962697.31541508,6590024.468253025
31259,FOXSY,Foxsy AI,ai,0.009585267007649589,1094921.91202992,6337737.070007566
10729,UFO,UFO Gaming,gaming,2.2419114496205054e-07,162905.85823585,5774620.400537607
35064,SNAI,SwarmNode.ai,ai,0.0063960987405001744,2873941.90645122,5772223.314165509
27872,TRUMP,MAGA (magamemecoin.com),meme,0.12775039711384786,66988.4883557,5620679.828709734
9656,CATE,CateCoin,meme,9.21795665020853e-08,250227.93952394,5279408.695662689
33892,HAPPY,Happy Cat,meme,0.0015520284132889116,1287755.71054012,5173181.792742863
30493,NUB,nubcat,meme,0.005410827637228396,795654.91614662,5140287.624306369
31401,EAI,Eternal AI,ai,0.022043404710673526,28527.23064807,4967259.4068446
28366,CA,Coupon Assets,rwa,0.5077075603123837,2438014.10434139,4910171.819746744
26198,BDXN,BONDEX,rwa,0.0304023103750512,8133854.86010181,4864369.660008192
25479,BAD,Bad Idea AI,ai,7.8257681106132e-09,1120103.24387348,4777724.234771398
27276,PEPE2.0,Pepe 2.0 (pepe20.vip),meme,9.590541830384249e-09,243987.64010227,4497964.118450212
28245,OFN,Openfabric AI,ai,0.024893869876954276,107800.71985349,4352584.617290479
15142,KATA,Katana Inu,meme,0.00011122430380340401,326819.51268597,4148552.4073894448
30089,KOKO,Koala AI,ai,4.5508229854152674e-07,257294.38197475,4145974.3764518113
20009,DCK,DexCheck AI,ai,0.006061780812197316,1049580.2032059,4111194.6076401495
12988,LBL,LABEL AI,ai,0.0014024946001711621,89287.61972089,3783803.757949508
30648,PEEZY,Young Peezy AKA Pepe,meme,0.0037591945728306844,0.0,3759194.5728306845
37006,SPYX,SP500 tokenized ETF (xStock),rwa,620.971103151586,6951288.35593377,3725709.570377242
30309,SC,Shark Cat,meme,0.0036916187423159993,2039056.1324522,3654316.8508750233
19856,CAT,CatCoin,meme,7.0191490887114e-11,256854.93857747,3509574.5443557
35007,METAV,METAVERSE,gaming,0.003494655328317575,307068.21081317,3494655.328317575
34587,FROG,Frodo the virtual samurai,meme,0.0006967954597899568,230395.92079911,3483977.298949784
19736,SHI,Shina Inu,meme,2.7961982356286743e-07,284733.14580998,3415674.2848065705
28053,SMURFCAT,Real Smurf Cat,meme,3.625432997373924e-05,175112.1014136,3400982.4405065044
29516,AIKEK,Alphakek AI,ai,0.014544382494682118,0.0,3399267.5381955137
37005,CRCLX,Circle tokenized stock (xStock),rwa,209.69193007262103,23050469.23128523,3354956.3417932116
37004,TSLAX,Tesla tokenized stock (xStock),rwa,298.1672194207636,17556207.41805764,3279626.6933876807
28607,WARPED,Warped Games,gaming,0.0005524046779938111,0.0,3189121.326057377
17704,MV,GensoKishi Metaverse,gaming,0.006843152594434915,1240416.40425275,3133733.5679442342
2474,MAN,Matrix AI Network,ai,0.006708100378366924,178848.24023196,3109099.0883500595
8378,AKITA,Akita Inu,meme,4.5232728962472895e-08,222806.65670121,3079061.573602071
12859,DOBO,DogeBonk,meme,5.200223084462743e-09,6938.36667281,3031520.6929236054
21453,OMNOM,Doge Eat Doge,meme,9.707674761498675e-09,56126.65776145,3009379.1760645895
32915,BERRY,Strawberry AI,ai,0.029485803361654864,36830.61607362,2948580.3361654864
11919,FORWARD,Forward Protocol,rwa,0.0005859642629605444,132180.20456357,2929717.391110865
23769,RJV,Rejuve.AI,ai,0.005109599155509792,790231.11738408,2891180.345248285
35262,CRAI,Cryptify AI,ai,0.0029783386250521117,70841.27893904,2874096.773175288
36236,PRAI,Privasea AI,ai,0.013794593278762824,3195208.96508842,2842175.9234865378
19519,BRN,BRN Metaverse,gaming,0.1004058176841068,347759.83437707,2806547.4373511453
28868,DUEL,GameGPT,gaming,0.0005932736471228727,695984.86092249,2671847.4020140595
33611,RWAINC,RWA Inc.,rwa,0.006618417255318224,319369.88623293,2638198.9841086934
8977,CWIF,catwifhat,meme,8.147393552186433e-08,81370.27075528,2495993.668921128
28395,CAGA,Crypto Asset Governance Alliance,rwa,3.9575521518410406e-05,95063.69020785,2433580.8503872105
28851,GUI,Gui Inu,meme,4.384300827365371e-06,223036.93798724,2437211.17905801
36881,VIBE,Vibe Cat (Jupiter Studio),meme,0.03042072960744384,2855217.71591309,2432870.15380205
28132,PSPS,BobaCat,meme,0.004185552416490896,249206.37607674,2415786.895815384
33351,TERMINUS,TERMINUS,meme,0.024115410504085208,526278.68409665,2411541.0504085207
37003,MSTRX,MicroStrategy tokenized stock (xStock),rwa,399.2237029716815,6437435.39298491,2395308.372650595
34203,SLAP,CatSlap,meme,0.0005469728414982901,216859.33916269,2390803.235855509
16500,SHIBDOGE,ShibaDoge,meme,2.0026902e-17,585.65200907,2368560.3282163055
9103,GMEE,GAMEE,gaming,0.0014161605288710963,315433.09404495,2359759.309944417
34916,SEN,Sentio AI,ai,0.023878960680687417,529370.5960761,2340138.1467073667
27458,TRT,TRUST AI,ai,0.6149563320287265,1842.2053788,2336834.0617091605
27445,GSWIFT,GameSwift,gaming,0.006421603784586587,582405.30070067,2316716.78302303
32223,LEDGER,Ledger AI,ai,0.0011992817427318684,19718.90232575,2301930.8037756695
36151,Ghibli,Ghiblification,meme,0.0022875757568866584,8313494.39864756,2287304.6421614797
8708,BDP,Big Data Protocol,ai,0.04284403470720782,150754.44522756,2264718.41225927
36448,TGT,TOKYO GAMES TOKEN,gaming,0.01411452340896701,23479525.30259477,2269932.926824074
35662,AGON,AGON Agent,ai,0.0022214938896645375,1059628.90948958,2221493.8896645377
36989,COINX,Coinbase tokenized stock (xStock),rwa,359.9498628604092,18974774.55671621,2159699.1771624554
36619,ASRR,Assisterr AI,ai,0.14394921439920721,1849079.30911457,2104537.5145164095
11871,GZONE,GameZone,gaming,0.002412697611236529,79880.70646349,2026948.9665332565
18919,QOM,Shiba Predator,meme,3.232236860069291e-09,0.0,1938974.7184518122
21414,DC,Dogechain,meme,4.0994706638450974e-05,291559.38671966,1909563.1254422194
36994,AAPLX,Apple tokenized stock (xStock),rwa,210.16088166413874,19159483.68518039,1891331.2268371186
31442,$WAFFLES,Waffles Davincij15's Cat,meme,0.0021082551371566648,45667.18040847,1885763.6842945127
35547,RIFT,RIFT AI,ai,0.006974433799970355,580.09508212,1847631.8546290116
19018,CHO,Choise.ai,ai,0.0038554623223169392,1338512.60839125,1720088.4828242445
23794,OPTI,Optimus AI,ai,0.017788903025502078,140237.05845688,1690567.3139055055
37057,QQQX,Nasdaq tokenized ETF (xStock),rwa,553.4600083547898,6372348.16842415,1660354.2942990207
26863,3ULL,PLAYA3ULL GAMES,gaming,0.00035102134353099713,892233.27703973,1657956.6012522194
33614,MemesAI,Memes AI,meme,0.0016453736075312732,469094.53731059,1645325.9714972747
35282,WYAC,Woman Yelling At Cat,meme,0.0016248913116216394,7931.58021962,1608602.2571904606
32836,SAI,Sharpe AI,ai,0.013733949208789812,754940.68641433,1535752.8478091222
4441,VAIX,Vectorspace AI,ai,0.030512167567125027,13434.07043371,1521821.6804431332
3826,TOP,TOP AI Network,ai,0.00010301405983745856,311818.04500803,1483462.5192683446
27894,JETTON,JetTon Games,gaming,0.1828050064545967,101100.99101125,1483306.51190354
33041,AGENT,AgentLayer,ai,0.0027834529964511287,531774.55686912,1463620.0829870875
35130,LLM,Large Language Model,ai,0.001449401449554874,655812.90024276,1449397.623135047
32838,SUNCAT,SUNCAT,meme,0.0014203863723903354,2282634.38810117,1420386.3723903354
36992,NVDAX,NVIDIA tokenized stock (xStock),rwa,159.42383953034218,18014396.68854423,1220490.6030486901
36417,DONKEY,Donkey (DONKEY_BSC_MEME),meme,0.0012011240405189936,4038537.76076004,1201124.0405189935
7440,BOND,BarnBridge,rwa,0.1464825501029312,858996.93691079,1158715.3923709525
8519,RWA,Xend Finance,rwa,0.010692681202348986,79538.21705702,1144475.096358644
28580,VC,VinuChain,meme,0.0069638966391426405,415080.25347412,1135177.558561833
29509,COMAI,Commune AI,ai,0.020009490129215133,54220.74509405,1113090.7382460877
34645,VNTR,VentureMind AI,ai,0.0024683008977349377,80322.34749296,1068766.7455916845
37013,GOOGLX,Alphabet tokenized stock (xStock),rwa,177.4436070772046,24286146.35439846,1064655.0334891346
31881,LKI,Laika AI,ai,0.002467014409613828,679774.83444769,1056461.7886497355
31752,BABYPEPE,Baby Pepe,meme,2.474473598842818e-06,0.0,1040986.2982971851
28179,WSM,Wall Street Memes,meme,0.0005445612559726841,8611.10863366,1025245.3146125051
34888,KIKI,KIKICat,meme,0.00101106672937293,729173.04195867,1011054.2214664209
30102,WSDM,Wisdomise AI,ai,0.0020590993388365907,87019.55982468,979071.6675973117
19686,MNTL,AssetMantle,rwa,0.00041002848936284706,114593.1575328,944389.4187347313
31534,ELIX,Elixir Games,gaming,0.0037455945619555694,541265.25295592,921138.6266809312
3854,FUND,Unification,meme,0.02623206697675902,0.0,903626.5564393426
35048,BABYSHARK,Baby Shark Meme,meme,0.0010628058276376307,378933.72021015,902693.3921167772
30838,MSTAR,Star AI,ai,0.001482875665450193,639533.4757703,894637.4249119196
7096,BRG,Bridge AI,ai,0.00010747409066603671,209380.3384336,860025.6437149555
34007,BARSIK,Hasbulla's Cat,meme,0.0008484556224153905,803509.23521333,848418.0930238563
36408,POPE,Pope meme,meme,0.004245900316560259,251979.74747948,849180.0633120518
25033,OBI,Orbofi AI,ai,0.0007434853084805056,191337.89771247,832094.482333459
12781,XTAG,xHashtag AI,ai,0.012474025534809897,90661.92020236,825393.8205608872
29328,DEFROGS,DeFrogs,meme,77.93055858869614,99732.9259911,779305.5858869614
34771,SKICAT,Ski Mask Cat,meme,0.0007780700107602243,76421.42349445,770409.8087990484
23665,CATCH,SpaceCatch,meme,0.06909778777754523,108899.67256626,761143.4336675239
29576,GPT,QnA3.AI,ai,0.0008904715146673666,163686.90592548,740307.4385026348
34848,TAOCAT,TAOCat by Virtuals & Masa,meme,0.000721758219025149,344445.7859183,721758.219025149
37055,METAX,Meta tokenized stock (xStock),rwa,722.6276027152722,26695940.04121685,722627.6027152722
7931,BONDLY,Forj (Bondly),rwa,0.0006449205145681715,80201.46038694,634357.2060342154
9553,BCUBE,B-cube.ai,ai,0.01739353489708883,0.0,623256.5829682329
28613,PIKACHU,PIKACHU INU,meme,6.423650137479e-12,8353.45805525,604309.8010598809
24106,RMV,Reality Metaverse,gaming,0.0023257350732773614,60773.12409739,581185.2007319137
37041,HOODX,Robinhood tokenized stock (xStock),rwa,94.13762785613359,23901331.30769648,564825.7671368015
34457,$AKUMA,Akuma Inu,meme,8.321648281912383e-07,64930.2307883,554776.5521269374
7588,GSWAP,Gameswap,gaming,0.050146545107343225,0.0,553258.7131760635
34570,TREEINCAT,Tree Stuck in Cat,meme,0.0006198382422516362,50212.51410596,544091.626080364
15830,GMR,GAMER,gaming,0.0015287561380836281,1182.27403311,499353.3100640129
9958,SMI,SafeMoon Inu,meme,4.881948236260262e-07,0.0,488194.82362602616
35189,GEKKO,Gekko AI,ai,0.00048249716324162315,1826.64249046,482497.16324162314
31716,SKAI,Skillful AI,ai,0.0015445846823779158,218254.94614242,469386.4570378247
12901,KINGSHIB,King Shiba,meme,0.0013271811398476458,73902.3981463,464549.7265488359
10275,CATGIRL,catgirl,meme,1.4264716870679e-11,401.46708589,442019.6088844267
21968,TAMA,Tamadoge,meme,0.0003156537694449123,81929.02483454,439817.19574555237
18103,YOURAI,YOUR AI,ai,0.0008374701597312087,98131.86783688,429025.67869673675
27809,XRP,HarryPotterObamaPacMan8Inu,meme,0.0052325360137270875,0.0,426961.94633320824
29157,ABOND,ApeBond,rwa,0.0012412903284038832,66584.81223808,426710.75092408975
32524,GINNAN,Ginnan The Cat,meme,6.084025822575216e-08,204879.71156156,419797.68211284577
29855,PAJAMAS,The First Youtube Cat,meme,0.0004279206266295158,3955.08546122,419325.8651923456
31779,COK,Cat Own Kimono,meme,4.046000464639539e-07,52389.46692625,404036.58522466803
36168,MOSS,MOSS AI,ai,0.00044370674030640487,466195.54310352,403206.8429015547
34041,MAJOR,Major Frog,meme,0.00047509762841760485,74997.81037382,401457.4960128761
35967,BSAI,Bitcoin Silver AI,ai,279.5059101153575,610468.97016714,391587.7800716158
22540,CTG,City Tycoon Games,gaming,0.038606669217569646,214139.70158166,386066.6921756965
35614,MA,Mind AI,ai,0.0015000852605796286,251065.05945005,381666.4843374237
17605,AEG,Aether Games,gaming,0.0008780533172394706,287891.62944395,353042.0652788426
28870,GEC,Gecko Inu,meme,5.29037289225613e-09,84852.32136754,350170.0674128135
28670,CAIR,Crypto-AI-Robo.com,ai,0.00038289814538939947,163961.23760349,339953.4740893863
32310,SAITAMA,SAITAMA INU,meme,0.000375049401131545,0.0,329177.5851918852
20997,WOMBAT,Wombat Web 3 Gaming Platform,gaming,6.451722749249509e-05,232.07134398,328530.6907488636
35543,AAA,Aiagent.app,ai,0.00031698230172651573,3078.2598933,316971.59305952955
15889,MEFA,Metaverse Face,gaming,3.3149403011639886e-05,57093.71614582,315433.9103736641
32638,CATDOG,CatDog,meme,3.1167867747268018e-06,248373.7159236,311678.67747268017
36512,DOGEBASE,Doge Base,meme,0.00030811059229539557,6522.04492684,306584.2010210723
34420,PEN,Pentagon Games,gaming,0.0018522477483174792,69403.59783694,305250.42892272054
36574,LANLAN,LanLan Cat,meme,3.321179506172631e-05,742407.3818654,295215.9560747123
35350,AWARE,ChainAware.ai,ai,0.007919013725050078,14.14108894,291618.7415728083
29191,MXM,MAXX AI,ai,0.0008269489067660054,7456.62690906,277353.1360028254
30276,BRAWL,Brawl AI Layer,ai,3.166980135212814e-05,739877.8461902,278871.933322724
35681,CHORUZ,Choruz AI,ai,0.00028654733532765557,0.0,269354.4952079962
33128,TCAT,TON Cat,meme,0.0004133518057924039,0.0,252749.0314116634
28725,MMA,Meme Alliance,meme,0.002827577557309107,112.60615396,247293.8510429287
18330,VISION,VisionGame,gaming,0.00040812768778865073,1490.54890727,246917.2511121337
32727,FOFAR,Fofar (fofar.meme),meme,0.0002433353119988545,0.0,231166.68877713996
24126,SOV,Shib Original Vision,meme,2.167989827882971e-09,0.0,230153.8001280562
37014,AMZNX,Amazon tokenized stock (xStock),rwa,224.39092705857598,16332261.29657986,224390.927058576
8621,WATCH,yieldwatch,rwa,0.011346346894183318,0.0,223245.54516683027
34252,DOGEFATHER,DOGEFATHER,meme,0.0002192411790214804,0.0,219236.27635023513
33465,CATGOLD,Cat Gold Miner,meme,8.844751609988782e-05,101311.83917695,212274.03863973077
15478,DG,Decentral Games,gaming,0.0010071462966341085,0.0,190189.51628999814
24275,OGGY,Oggy Inu (BSC),meme,1.621157139933e-12,608.62142499,175287.94910394977
35963,PEPEMUSK,PepeMusk,meme,0.00016933586397547992,0.0,169335.8639754799
29026,MEMEAI,Meme Ai,meme,0.00021044388220645835,244081.28008128,153212.34916771445
29305,RODAI,ROD.AI,ai,2.7705652443073e-09,0.0,151824.46894113594
15974,MTVT,Metaverser,gaming,0.0009080634718332294,499.8537679,151749.4255347842
10861,GAME,Gamestarter,gaming,0.0020681790346146855,135862.17399194,146803.05621049818
32756,DOGE,Department Of Government Efficiency (DOGE),meme,0.0002886149662537567,0.0,144307.48312687836
34980,CRTAI,CRT AI Network,ai,0.0003905406452851024,0.0,137822.1616104005
8066,YLD,Yield App,rwa,0.00039981404142176,0.0,119944.21242652799
10414,GINUX,Green Shiba Inu [New],meme,3.241719408512297e-08,86.81019803,115822.74619007889
10040,WSG,Wall Street Games (old),gaming,1.25577295236384e-10,0.0,114533.40945945265
576,GAME,GameCredits,gaming,0.0005811164844771034,0.0,112634.19330776235
29932,BSHIB,Based Shiba Inu,meme,1.2012013988510164e-05,76.4044525,108605.3164528754
31561,SOLCAT,CatSolHat,meme,0.0016217482889881198,0.0,107293.18666822661
13133,ICE,Decentral Games ICE,gaming,0.00043845742860847207,0.0,99381.85247872474
22487,CATHEON,Artisse,meme,0.00010096622605204295,82886.21348284,97789.25115459888
30711,RWA,Rug World Assets,rwa,0.010220137538887506,0.0,97071.7759365945
34418,NEOS,Neos.ai,ai,0.0009671237305748639,1292.92870623,96712.37305748639
33968,MAYO,Mr Mayonnaise the Cat,meme,8.896124116368085e-05,0.0,88961.24116368085
30640,2MOON,The Moon Metaverse,gaming,1.994368599350152e-06,0.0,86688.28973443832
853,LDOGE,LiteDoge,meme,5.012656e-06,0.0,82322.84948799999
32732,SUNPEPE,sunpepe,meme,7.903393759817556e-05,0.0,79033.93759817556
33103,BABYCATE,BabyCate,meme,1.1399360622076987e-07,46891.7153883,77329.88454212608
32981,CATE,Cate,meme,7.516174040445925e-05,0.0,75161.74040445925
32893,UFO,UFOPepe,meme,6.910205501865085e-05,134.79833327,69100.90605878206
31317,MEOW,MeowCat,meme,0.0006697391353000966,0.0,66973.91353000965
33646,CATS,GoldenCat,meme,9.325360639788632e-08,0.0,62952.496916306234
15564,DXGM,DEXGame,gaming,9.834301576837053e-05,80378.49466785,62247.157120375996
37015,AMBRX,Amber tokenized stock (xStock),rwa,9.613936342950685,4129.75214041,57683.618057704116
31261,GOME,Game of Memes,meme,8.597583818970258e-05,0.0,55981.30471459381
34349,DOGE,Dogecast (dogecast.build),meme,9.20777731744021e-05,78320.91219942,52760.5640289324
24742,AIBB,BullBear AI,ai,2.5181859838656e-11,76535.61347625,51517.902522945544
33358,SOFAC,SofaCat,meme,0.0005245072597831067,4388.76170708,49625.205369859075
29099,MINU,Minu,meme,1.1900439265623208e-08,0.0,45141.24914170818
35208,CATG,C.A.T (Crypto Agent Trading),meme,4.3783013064622745e-05,0.0,43779.35909040602
34286,YELPE,Yellow Pepe,meme,4.349522517017125e-05,0.0,43493.95215192097
29639,NINU,Nvidia Inu,meme,5.923104522258133e-06,0.0,42467.46544832046
24580,LITT,LitLab Games,gaming,0.0001271102357276684,0.0,37093.95318472286
35020,FUSION,Fusion AI,ai,3.1281471852154355e-05,0.0,31281.471852154355
32862,MUNCAT,MUNCAT,meme,3.0869685163650424e-05,0.0,30869.685163650425
2666,EFX,Effect AI (old),ai,0.00012111637722557171,0.0,30541.73847882142
35618,AVAXAI,AIvalanche DeFAI Agents,ai,0.0001514191818757845,377557.74299403,28814.08230080005
33518,PDOGE,Poor Doge,meme,2.4840450481962625e-07,0.0,27757.621956001076
33170,PUNCH,ONE PUNCH CAT,meme,2.8647168068662756e-05,153.0982,25197.923262315882
30828,CATA,CATAMOTO,meme,1.1270099097302765e-06,24.40842833,21838.822409620483
22088,ING,Infinity Games,gaming,4.229129689693298e-06,82181.24732628,21145.648448466487
15926,RAIN,Rainmaker Games,gaming,2.9975777191210724e-05,21.02108088,19839.233273788526
29648,WSG,Wall Street Games,gaming,6.990249889344097e-05,0.0,19250.053592023472
34637,LOGOS,LOGOS AI,ai,1.8768516811224144e-05,0.0,18768.442882036423
7377,DOGES,Dogeswap,meme,0.8480269644671705,0.0,16960.53928934341
32598,GODCAT,Godcat Exploding Kittens,meme,1.9263641617664826e-05,0.0,15351.743805293781
35076,HXAI,Healix AI,ai,0.0014960943987602643,0.0,14960.943987602643
34335,HOTDOGE,Hot Doge,meme,1.447693081143619e-05,0.0,14476.93081143619
34889,CORGI,Corgi Inu (corgibnb.com),meme,1.6076321479023876e-05,0.0,10837.048267333694
29086,CATMAN,Catman,meme,1.1272580567651887e-05,0.0,10713.38125761948
11978,RPG,Revolve Games,gaming,0.00013292337565649266,0.0,10281.153823210689
27922,SHIA,Shiba Saga,meme,0.0001561122925103549,0.0,8420.202213263745
15178,GSTS,Gunstar Metaverse,gaming,0.00022632773484377688,0.0,7081.859552993944
32128,MSI,monkey shit inu,meme,2.000273006552594e-09,0.1441395,5889.343483358706
11086,LFG,Gamerse,gaming,1.4803767039662516e-05,0.0,2518.9692365507053
36988,PYN,Paynetic AI,ai,0.0030044448797900383,14401835.84596103,0.0
24549,PEPE,Arbi Pepe,meme,9.919027312042872e-06,12308630.96716915,0.0
31501,SHIB,SHIB ON SOLANA,meme,1.177421466405262e-05,6320211.20316965,0.0
36972,SAHARA,Sahara AI Coin,ai,0.0007590415130877929,4283644.98300214,0.0
35287,TREAT,Shiba Inu TREAT,meme,0.001325293458055832,2842710.98515129,0.0
33323,CATS,Cats (catshouse.live),meme,2.2654262425689402e-06,2811947.05128853,0.0
27048,APEPE,Ape and Pepe,meme,1.457575620487545e-06,2555654.7742878,0.0
34647,GAME,GAME by Virtuals,gaming,0.05742036978711159,2283267.91310822,0.0
37245,TRWA,Tharwa,rwa,0.0057952010429217155,2211912.72191016,0.0
36286,TRUMP,PEPE TRUMP (pepetrump.cc),meme,4.077740016076188e-08,1664970.79484019,0.0
34491,GO4,GameOnForge,gaming,0.49128098602749454,1647310.4697747,0.0
36326,FUR,Furfication,meme,0.0003136078197067198,1543179.1347241,0.0
34102,TIG,The Innovation Game,gaming,0.6164608543926324,1541919.43171123,0.0
36603,BOXCAT,BOXCAT,meme,0.00019670359189757745,1459744.12787077,0.0
37009,GRDM,Gridium AI,ai,0.0030233098465472477,1426902.45838863,0.0
36799,SBET,SharpLink Gaming,gaming,0.00020399705628939725,1369296.76217717,0.0
36318,MGG,MimboGameGroup,gaming,0.0014305939132060964,1220771.21247299,0.0
21672,HGG,Hedera Guild Game,gaming,0.0015382525963926353,1200107.00884677,0.0
30555,CANDLE,Candle Cat,meme,0.00240624444259977,1184653.0741733,0.0
22454,PEPE,PepePAD,meme,9.958909219713821e-06,1176954.09443697,0.0
33369,BOME,Book of Meme 3.0,meme,7.098087368919e-11,1168691.166404,0.0
27036,LUIGI,Luigi Inu,meme,0.0011804079291710217,1062553.49736884,0.0
34649,CONVO,Prefrontal Cortex Convo Agent by Virtuals,ai,0.004158105647205979,1002416.6453485,0.0
36979,FROGGIE,Froggie,meme,0.005550238497632736,988800.32217976,0.0
33620,FNXAI,Finanx AI,ai,0.6973876225015367,891717.83473635,0.0
34159,BONGO,Bongo Cat,meme,0.012302835085573617,810922.94548439,0.0
36990,PEPEONTRON,PePeonTron,meme,0.06396041639481251,810079.77040418,0.0
36221,RWA,RWA Ecosystem,rwa,30.98051392778922,728516.86380905,0.0
33951,PAI,Panther Ai,ai,0.015541088786046108,659514.46600432,0.0
35621,SOGNI,Sogni AI,ai,0.0031697064883038106,621490.87594258,0.0
33050,PEPE,Based Pepe,meme,2.6977174853326524e-08,603730.93491981,0.0
24961,PEPEAI,PepeAI,meme,5.5497553997770714e-05,520662.64582669,0.0
19259,lolcat,lolcat,meme,0.0002198276730440186,513552.12771863,0.0
32488,GME,GameStop Coin,gaming,0.00011034743896146142,447099.9325195,0.0
35894,BONDX,BONDX,rwa,0.004150290097035134,440426.72687793,0.0
34680,AIAGENT,Casper AI,ai,0.0007538453854824206,425476.76102323,0.0
36903,SN62,Ridges AI,ai,3.68983243424542,413708.04471049,0.0
32486,CAT,NOT,meme,0.0005763262286799541,389864.33419564,0.0
36606,DIS,Distribute.ai,ai,0.003588699207616645,369159.79261803,0.0
36287,PEPE,PEPE AI (pepeai.one),meme,0.00030638733700004043,367091.97486477,0.0
31649,BICITY,BiCity AI Projects,ai,0.0003948065415902938,334261.98212957,0.0
10088,POLYDOGE,PolyDoge,meme,4.659052441428921e-09,334006.42044238,0.0
35595,GMRT,The Game Company,gaming,0.005052203705668346,316556.11259224,0.0
15428,EShib,Euro Shiba Inu,meme,1.060896754644e-12,314288.04376993,0.0
31378,RADX,Radx AI,ai,2.4093695665912926e-06,302121.34159582,0.0
29020,APP,RWAX,rwa,0.004880969210426153,301160.21475208,0.0
34149,AIFUN,AI Agent Layer,ai,0.0022279385466602423,284145.76382246,0.0
36717,ZENAI,Zen AI,ai,0.00034540935156910675,280854.27086184,0.0
34845,TMAI,Token Metrics AI,ai,0.0006772492753185423,278999.57358963,0.0
36427,BAYC,BAYC AI,ai,0.11004819281352261,274459.09192626,0.0
28589,FROGE,Froge (ETH),meme,2.63643577990015e-09,273891.27232149,0.0
35175,METANIA,MetaniaGames v2,gaming,0.03687752354780109,272657.90366084,0.0
33034,CATALORIAN,Catalorian (CatalorianOGETH),meme,0.00043405295469647507,268999.975514,0.0
35486,GAMES,OrdzGames,gaming,0.04222129475026036,269176.03360807,0.0
34593,BLADE,Blade Games,gaming,0.017919137360921766,253023.56322454,0.0
34882,DESCI,SUI Desci Agents,ai,0.0007049895444836176,251208.83724057,0.0
35653,CATTON,Catton AI,meme,3.4126765908141e-08,249221.75759062,0.0
32022,SKOP,Skulls of Pepe Token,meme,0.03171627421536567,245768.49358393,0.0
32346,COAI,CodeMong Ai,ai,3.0964949385803946e-06,243923.73475541,0.0
11557,DOG,Own The Doge,meme,0.001489906991998674,243298.52074694,0.0
36009,VAI,Vyvo AI,ai,1.9004328364809315,240812.08529798,0.0
36667,BDG,Beyond Gaming,gaming,0.0015648533426962118,234379.90006744,0.0
34317,SAINT,Satoshi AI agent by Virtuals,ai,0.0005890853518706134,228821.46869844,0.0
35720,HEU,Heurist AI,ai,0.021944536874751498,226641.41447863,0.0
23520,SMART,Smart Game Finance,gaming,0.0040876579025405525,226249.79915558,0.0
35797,BNBAI,BNB Agents,ai,0.0001130113763337283,222349.06892651,0.0
2336,GTC,Game.com,gaming,7.621233711315354e-05,217294.54163828,0.0
12078,DOG,DogeSwap,meme,0.0043346159464271875,214688.7441579,0.0
31788,EAI,Eagle AI,ai,0.13772252619485795,209132.04153787,0.0
33893,SHEGEN,Fi - Ai With Daddy Issues,ai,0.0002921724840500671,206023.16666498,0.0
35849,OIIAOIIA,spinning cat,meme,0.0026199990604539323,203449.37942509,0.0
32865,TRUMP,TRUMP AI,ai,2.212042694053717e-05,201976.02068482,0.0
31183,GIKO,Giko Cat,meme,0.38244529082287865,199866.52663174,0.0
22656,GAU,Gamer Arena,gaming,0.0015998565112321248,199095.39164343,0.0
31874,TRUMP,PEPE,meme,8.348920086929909e-08,194578.36622891,0.0
29488,VIA,Octavia AI,ai,0.020023602061755078,188761.36740701,0.0
28647,CATBOY,Catboy,meme,0.00574722317454207,185972.82194105,0.0
35530,OSOL,OSOL AI Index,ai,0.0055607689129443015,177272.01013876,0.0
26676,INU,INU,meme,6.40308435240035e-10,175505.03300259,0.0
32686,ZYGO,Zygo the frog,meme,0.0022023501622709034,169086.17038601,0.0
34864,AVERY,Avery Games,gaming,1.0720254130948269e-05,165948.7603052,0.0
36463,XNPCS,NPCS AI,ai,0.0007891014598430128,165242.89238284,0.0
28894,KITTY,Kitty AI,ai,0.0002803280950807137,162456.3769552,0.0
16001,DKS,DarkShield Games Studio,gaming,4.000876235284737e-05,162699.86931971,0.0
34811,TRENCHAI,Trenches AI,ai,0.00021599747024079395,161636.67060018,0.0
34020,DOGECAST,Dogecast,meme,0.00010295512376900619,160310.08057969,0.0
35770,PIAI,Pi Network AI,ai,4.948903642697e-12,159712.15700546,0.0
33736,DOGE,Department of Gov Efficiency (deptofgovtefficiency.com),meme,0.05750596970131691,159069.98158073,0.0
26135,AMC,AI Meta Club,ai,0.4093812314975135,157662.3373535,0.0
29839,MGC,Meta Games Coin,gaming,1.5177641443053989,138672.41171118,0.0
25159,MEME,meme (Ordinals),meme,0.0015079176716541224,134742.68487776,0.0
34056,NAWS,NAWS.AI,ai,0.00018211180211344797,132199.93196327,0.0
27881,BNBDOG,BNB DOG INU,meme,3.0416071434e-14,124462.04166508,0.0
31523,PEW,pepe in a memes world,meme,3.570080833698292e-07,122478.80032834,0.0
35706,ANITA,Anita AI,ai,0.0021616517130428657,120325.70437188,0.0
34698,SOLARIS,Solaris AI,ai,0.00042697457196435467,119924.52455221,0.0
28791,1CAT,Bitcoin Cats,meme,0.0002049802700209129,116615.95408392,0.0
20700,WKC,Wiki Cat,meme,1.324569484774166e-08,112803.86582759,0.0
18323,MILO,Milo Inu,meme,3.233590173143293e-09,110230.24531557,0.0
34549,A1X,AI Nexus,ai,0.0028528246471153963,110024.18710563,0.0
36470,SUIAGENT,aiSUI,ai,0.00019102686687079144,107614.18682947,0.0
31291,CATX,CATX,meme,5.493555593803873e-06,106564.6985185,0.0
33749,CATANA,Catana,meme,0.0008534716946584838,100235.22442521,0.0
24406,YESP,Yesports,gaming,9.63129535148644e-05,96371.60571512,0.0
33289,DOGEN,DOGEN,meme,0.00015736025322178805,95367.91980295,0.0
35000,AIVA,AI Voice Agents,ai,0.00016060438066570657,91062.72928575,0.0
35067,BC,BCGame Coin,gaming,0.0047991450859723025,81157.62330255,0.0
34621,RICH,GPU ai Rich,ai,0.0004269758953832549,85814.68857358,0.0
30349,BITCAT,Bitcat,meme,0.0003430468206237698,84392.5253094,0.0
28639,BAZED,Bazed Games,gaming,0.08126850419542213,83601.63277581,0.0
24094,MGKL,MAGIKAL.ai,ai,5.637172868479812e-08,83281.98443022,0.0
35625,HQ,Metaverse HQ,gaming,0.0017139089471729855,82693.91770611,0.0
23253,TRG,The Rug Game,gaming,9.103286535898388e-08,82904.35688141,0.0
11211,DXCT,DNAxCAT Token,meme,0.016050492201366146,81944.18379688,0.0
13437,KIBA,Kiba Inu,meme,5.998336994630786e-07,81530.92653987,0.0
9518,MEPAD,MemePad,meme,0.0009663296332822497,81077.7392006,0.0
23505,NVG,NightVerse Game,gaming,0.0009137280202111058,80303.44216637,0.0
15140,EGAME,EVERY GAME,gaming,7.988090251667781e-06,79767.59203893,0.0
22113,KAP,KAP Games,gaming,0.0008969586432658698,79661.59944404,0.0
27459,DOGE2.0,Doge 2.0,meme,4.48915230406661e-10,79356.6918313,0.0
29837,RING,Ring AI,ai,0.00758860160383785,79311.88501642,0.0
6744,CHAIN,Chain Games,gaming,0.018891316497484514,79124.40460243,0.0
30990,CATGPT,CatGPT,meme,0.00011169028754770869,78357.18191922,0.0
35215,DUCKAI,Duck AI,ai,0.00036921293775059126,78614.51623997,0.0
16049,TGT,THORWallet,rwa,0.026599154901721846,77951.2099278,0.0
33277,YIELD,YieldStone,rwa,0.026465816272829477,77911.12883205,0.0
35412,XSEED,MXS Games,gaming,2.1120727197115026e-05,76568.36525277,0.0
24027,BEAR,Bear Inu,meme,2.36832323975827e-10,76309.22594362,0.0
32038,FAST,Edge Video AI,ai,0.002710083444489894,76256.00033704,0.0
10394,KUMA,Kuma Inu,meme,2.213442841721401e-09,76069.00386857,0.0
34012,MEMES,MEMES,meme,9.010629825129292e-05,74226.97310642,0.0
9531,BCAT,BilliCat,meme,0.002692799085706146,74166.28102213,0.0
24868,AICODE,AI CODE,ai,0.17920733754492243,73990.95740674,0.0
30209,CATEX,CATEX,meme,5.430579762904681e-08,70328.40507999,0.0
12965,GGG,Good Games Guild,gaming,0.0019110586041626609,69362.39248454,0.0
25653,DMT,Sanko GameCorp,gaming,5.5308383068364835,66097.82616235,0.0
8230,AIN,AI Network,ai,0.008906969631414116,65889.61353032,0.0
36663,YND,YieldNest,rwa,0.003614474546768545,64687.93251599,0.0
8691,DEXTF,Memento,meme,0.13407706532865316,64503.50087373,0.0
1191,MEME,Memetic / PepeCoin,meme,0.0015020622919950258,63839.91554212,0.0
25736,PAYU,Platform of meme coins,meme,6.40629991839394e-10,60703.61231518,0.0
29136,GMTO,Game Meteor Coin,gaming,0.00010000699029000324,59875.78888589,0.0
27507,SHIB2.0,Shib2.0,meme,2.81059838496523e-10,57266.8963984,0.0
28916,AI,Any Inu,meme,2.0174494861234403e-06,55011.9277721,0.0
37187,MASA,Alligator Alcatraz,meme,0.00021072489909071296,53109.6655881,0.0
33541,NEIROINU,Neiro Inu,meme,4.079777254873222e-08,51399.11660945,0.0
34452,GET,Get AI,ai,2.403609405129934,50945.55880787,0.0
30558,RGAME,RGAMES,gaming,0.00015645683403502222,50529.047529,0.0
31420,STASH,STASH INU,meme,0.00014725367712326235,50423.20380215,0.0
29998,BFLOKI,bitFloki,meme,2.2601585141065499e-07,49985.49936105,0.0
31366,PINU100X,Pi INU 100x,meme,1.4687292080564874e-05,46078.83131248,0.0
30792,COLLE,Colle AI,ai,0.00025044811050665326,45892.88229148,0.0
29554,TAONU,TAO INU,meme,0.00121469020793203,44633.92976228,0.0
35074,STORAGENT,STORAGENT,ai,2.0798852325965302e-05,43400.80732242,0.0
36308,GNESS,Gameness Token,gaming,0.0006741599265384561,43031.99503802,0.0
36650,MIND,Mind of Pepe,meme,0.0005128509900883837,41914.79262918,0.0
28838,FMC,Fame AI,ai,0.00026400073877209755,38145.0844577,0.0
32404,AIM,AI Metaverse,gaming,0.0015011049242529488,38019.51469935,0.0
34479,VOLS,Volaris Games,gaming,0.0019444439616058305,37016.367506,0.0
30382,SCAT,Selfie Cat,meme,1.675196411772345e-05,35729.59610458,0.0
14968,VINU,Viral Inu,meme,1.6171572721624988e-08,35100.3001431,0.0
34933,PAT,Pepe's Cat,meme,1.9757632284342448e-05,33410.41881196,0.0
12388,DUCX,DucatusX,meme,0.008158193395548132,30063.81408669,0.0
31946,$CHIDO,Chinese Doge Wow,meme,0.001653940323289066,29580.5213663,0.0
36254,ESIM,EvoSimGame,gaming,0.07045391252075023,29423.1043491,0.0
36837,ESTEE,ShibEstee,meme,9.0669406363512e-11,28347.92054123,0.0
35303,$SYMP,Sympson AI,ai,0.004191519417407202,27689.53860838,0.0
11368,NFD,Feisty Doge NFT,meme,8.719363128889809e-05,26215.2413751,0.0
35397,ZAI,ZAYA AI,ai,0.016202646994871988,23713.75934704,0.0
34699,AIP,Pett.AI,ai,0.004379708213012444,23457.26361547,0.0
15516,PINU,Pi INU,meme,2.0838232015799265e-07,23073.74493536,0.0
35260,REM,Real Estate Metaverse,gaming,0.0026121825863748846,22972.30230777,0.0
36688,CAI,Catalyse AI,meme,0.003490243961121113,19356.19457861,0.0
28455,cats,cats (Ordinals),meme,2.3617392090133497e-06,19121.44142262,0.0
33942,$INA,pepeinatux,meme,0.003661378525980174,19048.65406068,0.0
35560,LC,LC SHIB,meme,0.003118674005399561,18799.60174803,0.0
36736,CRAZY,Crazy Frog,meme,0.00011050411633779176,18086.79723638,0.0
31616,PEPE,Pepe,meme,0.0008841958870698434,16898.86141827,0.0
36317,MNTX,Minutes Network Token,meme,0.3190261149582608,16999.10820266,0.0
35166,DEFAI,DeFi Agents AI,ai,0.00021789596523562495,16890.74386839,0.0
36656,PEPECASH,PEPECASH,meme,0.00024019973187815923,15845.162034,0.0
30466,MEMAGX,Meta Masters Guild Games,gaming,0.0004450311067905144,15763.33846556,0.0
34319,AGENTFUN,AgentFun.AI,ai,1.5157510111891426,13767.74108237,0.0
35272,BRAIN,Brain Frog,meme,0.001968764258322927,12818.33573353,0.0
32936,CATS,CATS,meme,2.2730814240532613e-06,12714.8566809,0.0
30345,HOBBES,Ansem's Cat,meme,0.00026582562761874465,12334.01332069,0.0
30732,AIC,AIC (Artificial Intelligence Coin),ai,4.769304422172298,12261.2179002,0.0
36738,MAIV,Multi Asset Investment Vehicle,rwa,0.0016077351825560247,11986.11192685,0.0
34184,AAA,aaa cat,meme,9.019178391846452e-05,11719.67825758,0.0
30101,GNUS,GENIUS AI,ai,2.0025327057453324,11290.90664481,0.0
36179,MEMEX,Meme Index,meme,0.001392911393619014,11207.71338074,0.0
36349,CHIRP,Chirper AI,ai,0.0022928772704501345,11027.86074045,0.0
34385,YBR,YieldBricks,rwa,0.0010033492846471925,10895.32608374,0.0
33264,OPCAT,Cat Protocol,meme,0.08196693143211153,10823.24416378,0.0
33421,TUA,Atua AI,ai,8.000684102888066e-05,9340.7704615,0.0
33447,SQUID,Squid Game (CTO),gaming,0.0033617181457673293,9157.76800649,0.0
23143,MATCH,Matching Game,gaming,2.1580661788503517e-06,8674.24293106,0.0
20771,PURR,SpartaCats,meme,1.575070265213046e-08,8430.40649289,0.0
35751,CGAI,GDAI Agent,ai,0.00013460319086060045,7753.16540698,0.0
36473,FROGGER,FROGGER,meme,0.00011147826289066424,7590.32503501,0.0
33444,WLFI,World Liberty Financial (worldlibertyfinance.ai),ai,1.83769657125356e-09,6952.23235771,0.0
36971,MGAMES,MemeGames AI,meme,0.0028627508489281585,6696.27579493,0.0
29430,SHIB,Shibwifhat,meme,0.0009725819966385789,6607.50921007,0.0
30088,BAG,catwifbag,meme,0.0004163070742346641,6065.01977285,0.0
31919,BALT,Brett's cat,meme,0.00012439394277493374,5798.82807165,0.0
34879,MORPHAI,Morph AI,ai,0.005308263971159595,0.0,0.0
23657,KAKI,Doge KaKi,meme,1.9801804926165036e-08,4958.53348802,0.0
34542,HODI,Cat in Hoodie,meme,0.00018243083783936015,4494.36548209,0.0
36578,TOR,Syntor AI,ai,0.002564203011396603,4385.90728787,0.0
33798,WING,Shiba $Wing,meme,0.000258648079526788,4261.86671955,0.0
12040,DOGECOIN,Buff Doge Coin,meme,1.864445752143458e-09,4187.51231765,0.0
35739,DEVAI,DEV AI,ai,0.0007847740558486188,4178.34110961,0.0
36426,SCAN,scan meme,meme,6.938250848621371e-05,4122.98270264,0.0
34891,DORA,DORA AI by Virtuals,ai,0.0006333634097366246,4019.55614665,0.0
30117,FISH,TON FISH MEMECOIN,meme,2.868511644996038e-09,3524.03127422,0.0
31439,MAGAPEPE,MAGA PEPE (SOL),meme,2.784865177808e-12,3302.16207295,0.0
35196,AIVIA,AI Virtual Agents,ai,2.2780966434894987e-05,2747.08013382,0.0
23921,CAT,Catcoin BSC,meme,3.20615132469e-13,2691.28708553,0.0
35353,ICECREAM,IceCream AI,ai,0.017151670130925254,2595.62440258,0.0
34519,PEPE,Pepe on Sui,meme,5.39666741936951e-10,2166.21184374,0.0
25046,PEPEBRC,PEPE (Ordinals),meme,0.007511385517971303,1879.63087799,0.0
35039,TRAI,Trackgood AI,ai,0.00036588333840585,1757.2572493,0.0
35558,BEATAI,eBeat AI,ai,0.001995719897432708,1721.92637618,0.0
30811,MEMERUNE,MEME•ECONOMICS,meme,0.005000118531225871,1639.21201777,0.0
26650,LAVITA,Lavita AI,ai,0.0014755443632336299,1554.17048067,0.0
28949,SDOGE,SDOGE,meme,5.274330909335736e-07,1532.10347622,0.0
34107,AGENT,Agents AI,ai,0.0004293269301615475,1464.02059775,0.0
9207,MVI,Metaverse Index,gaming,14.685862550969643,1454.49709023,0.0
23258,MEME,Meme Network,meme,3.0174917632599326e-06,1359.08422493,0.0
30890,PEPE,PEPE 0x69 ON BASE,meme,7.62771303480539e-10,1262.63686001,0.0
32281,BEEF,PepeBull,meme,4.32910882448431e-10,1180.0347558,0.0
30941,DOGE20,Dogecoin20,meme,6.193395251345492e-06,1177.77291258,0.0
32533,LOAFCAT,LOAFCAT,meme,9.077590827487935e-06,1159.71561848,0.0
35464,JFOX,JuniperFox AI,ai,9.960801314515626e-06,1157.43919405,0.0
26836,OCICAT,OciCat,meme,6.06645957420451e-10,1071.79325515,0.0
31652,BTC,batcat,meme,5.4352498373386705e-05,1066.39479918,0.0
36490,AIAF,AI Agent Factory,ai,3.957909613840713e-05,1041.44542642,0.0
30085,VPS,VPS AI,ai,0.007740463592282332,1024.89861243,0.0
36609,LUCYAI,Pitch Lucy AI,ai,9.740680854246315e-05,924.16973751,0.0
34190,WAWA,Wawa Cat,meme,0.00010203434022991768,857.81993105,0.0
25359,PEPE,Pepe Coin,meme,8.63470536373783e-10,842.26483358,0.0
29815,FLOKITA,FLOKITA,meme,1.7538971111573108e-06,823.7145334,0.0
32527,PEPE,Pepe of Solana,meme,9.54119428978612e-06,813.59522236,0.0
23450,PEPE,PepeSol,meme,0.0004012917456433028,769.38026064,0.0
36155,AI,AI Protocol,ai,1.1933855119195235e-05,746.52732936,0.0
33389,CDOGE,CDOGE,meme,0.0008770924677215392,686.41514095,0.0
29712,MK,Meme Kombat,meme,0.006926072405460799,676.48597793,0.0
22950,CAT,Cat,meme,3.67867289811286e-10,673.92265812,0.0
35223,AGENT S,Agent S,ai,0.0002361216869647136,663.86152341,0.0
29659,SHIBAAI,SHIBAAI,meme,9.0252259701458e-11,893.41529033,0.0
31858,KENDU,Kendu Inu,meme,6.160481181162803e-08,600.728569,0.0
34966,MINIDOGE,Minidoge (mini-doge.com),meme,0.00011433815513857002,522.35553583,0.0
35905,ATM,Automatic Treasury Machine,rwa,2.4089920994293843e-05,494.48087794,0.0
35905,ATM,Automatic Treasury Machine,rwa,2.4089920994293843e-05,494.48087794,0.0
31419,$PEPE,Pepe,meme,8.7355988846664e-11,408.67381315,0.0
36305,ELXAI,ELIXIR AI,ai,1.3665901769753143e-05,359.57809053,0.0
36407,GORK,gork AI Agent,ai,1.17871041481e-13,345.29966956,0.0
20646,OZONE,Ozone Metaverse,gaming,0.00022542030133350632,345.19356267,0.0
27134,DOGE,Doge on Pulsechain,meme,5.309191107871297e-09,335.13188255,0.0
36773,$PLAT,$PLATINUM,meme,1.70550398608e-13,310.76995891,0.0
27506,Shiba 2.0,Shiba 2.0,meme,2.80423412163e-13,302.53534939,0.0
28797,BABYCAT,BABY CAT INU,meme,2.9320001869e-13,296.78655339,0.0
30090,SCOTTY,Scotty The Ai,ai,0.00039240171565880014,266.8568242,0.0
28749,KIRA,Kira the Injective Cat,meme,6.524660426101815e-06,254.98950904,0.0
36342,RWAI,RWAI,rwa,0.0003034064389836067,243.89689168,0.0
17861,DOGEKING,DogeKing,meme,3.679779987534513e-09,237.92752074,0.0
13276,SQUID,Squid Game (squidgametoken.vip),gaming,0.00012344723567430082,62.69381143,0.0
36345,DOLR,DOLR AI,ai,0.00475952747011266,235.31520368,0.0
9635,SYA,SaveYourAssets,rwa,3.784250036907955e-09,230.49527931,0.0
12338,SHICO,ShibaCorgi,meme,3.7168066e-17,213.85190452,0.0
35648,GROKAI,Grok AI Agent,ai,9.3489920544e-14,211.75130494,0.0
34266,KEYCAT,Keyboard Cat(keycatsol.com),meme,0.00015266997533246513,186.46026269,0.0
14341,SHIBA,BitShiba,meme,5.41730742980811e-10,175.00690574,0.0
28990,MEMES,Solana Deployer,meme,0.0003103970391377939,173.70078032,0.0
27485,BABYDOGE2.0,Babydoge 2.0,meme,3.35598593474e-13,160.47697998,0.0
29084,PEPE,pepecoin on SOL,meme,0.0001009625428781694,152.54961766,0.0
26127,AIDOGEXLM,AIDOGE Stellar,meme,3.2272255766584053e-06,140.86657345,0.0
31679,MAGADOGE,MAGA DOGE,meme,1.869346321211e-12,131.46462553,0.0
33281,SUIB,Suiba Inu,meme,0.00013415275752157003,128.18051387,0.0
25645,BNBLION,Bob LION Inu,meme,3.4964e-20,126.87405223,0.0
22984,CADINU,Canadian Inuit Dog,meme,9.000213356206567e-08,126.05830282,0.0
23812,WEB4,WEB4 AI,ai,1.060933943511205e-09,125.01376374,0.0
28762,GROKINU,Grok Inu,meme,2.61827455494e-13,115.46351311,0.0
36548,PEPE,Pepe by Jason Furie,meme,4.4228341418547e-11,110.78685528,0.0
31381,HSAI,HealthSci.AI,ai,0.002170413392962141,105.47649647,0.0
12194,BABYFLOKI,Baby Floki (BSC),meme,2.29497962807279e-10,104.11327147,0.0
17859,Teddy V2,Teddy Doge,meme,1.15397339971889e-10,101.40846153,0.0
12468,EQ,Equilibrium Games,gaming,0.015521413726420593,78.05801838,0.0
29510,BAI,Balance AI,ai,0.22290787539929371,77.78857366,0.0
33503,DOGEFATHER,Dogefather,meme,2.21460891466e-13,75.49207703,0.0
30423,BABYCAT,Baby Cat,meme,2.2848062769e-14,70.16875378,0.0
13735,SDOGE,SolDoge,meme,9.333284234090134e-06,59.4847476,0.0
28687,TESLAI,Tesla AI,ai,1.4531015747e-14,54.4381652,0.0
15683,METAMUSK,Musk Metaverse,gaming,5.63851600651967e-10,52.37749873,0.0
10800,HVI,Hungarian Vizsla Inu,meme,6.00217548e-14,51.54357265,0.0
30748,CGO,Knights of Cathena,meme,3.5323098819546605e-06,51.07815066,0.0
26713,HOW,Howinu,meme,2.20269731507575e-10,50.49487451,0.0
10798,MINIDOGE,MiniDOGE,meme,1.012382831944144e-09,45.22943897,0.0
32573,META,Metaverse Convergence,gaming,1.7300410118041514e-05,42.10651996,0.0
31758,CHADCAT,CHAD CAT,meme,4.177407517636093e-05,33.2818562,0.0
28814,SANTA,SANTA CHRISTMAS INU,meme,2.6496744083e-14,32.56607203,0.0
28847,AI,AI,ai,0.00023277696747786038,28.60194247,0.0
19026,SHIBKILLER,ShibKiller,meme,1.2929127745216e-10,25.56212919,0.0
20273,X,X Doge,meme,4.656104024394889e-09,25.54168261,0.0
34389,PEACE,PeacePal AI,ai,6.534187945503507e-05,24.82032553,0.0
30691,CAT,WHALES CAT,meme,7.5108882139e-14,24.65959749,0.0
28872,DOGE,SPACE DOGE,meme,4.3686302652e-14,23.38519445,0.0
31093,DOGE,Dogecoin,meme,0.0001490972747794444,22.9750178,0.0
10914,$BABYDOGEINU,BABY DOGE INU,meme,9.62711758499273e-10,21.99231324,0.0
23075,ACRIA,Acria.AI,ai,0.0030004095098288904,21.80236416,0.0
32248,CLOKI,CATLOKI,meme,7.162720827356472e-05,20.80465362,0.0
29860,FLOKI,SUPER FLOKI,meme,2.5347239646e-14,19.90009544,0.0
31507,PEPEMAGA,Trump Pepe,meme,1.0308965635e-14,19.44419177,0.0
29972,BCOQ,BLACK COQINU,meme,3.054172883673748e-09,16.69037602,0.0
25912,PEPE,PepeCoin,meme,1.46828400799143e-10,16.33477827,0.0
34869,MDOGE,MDOGE,meme,4.1025058387404314e-07,14.75119763,0.0
36205,SHONG,Shong Inu,meme,3.571159797990559e-05,13.19834098,0.0
31150,CWA,Chris World Asset,rwa,0.006431449545550108,12.86239444,0.0
10899,DADDYDOGE,Daddy Doge,meme,5.225198352737922e-09,11.96916114,0.0
35738,DEEP,Deep AI,ai,7.11111588895128e-05,11.69057871,0.0
22367,BGVT,BIT GAME VERSE TOKEN,gaming,2.2322294541144584e-05,10.91964266,0.0
35677,LEIA,Leia Games,gaming,3.7000877131071445e-07,9.83275129,0.0
31325,TRUMPINU,TRUMP INU,meme,1.133376408e-15,8.86940187,0.0
10518,WSHIB,wShiba,meme,5.10927563901e-12,7.55680336,0.0
15275,RXCG,RXCGames,gaming,7.327394684706892e-05,7.2325703,0.0
30607,KING,King Of Memes,meme,8.328999847164137e-08,5.25846632,0.0
9710,KABOSU,Kabosu,meme,3.438357722661356e-09,4.71755044,0.0
3672,DOGEC,DogeCash,meme,0.0013069724343473085,3.66721386,0.0
25331,PEPEAI,Pepe AI (BSC),meme,1.136354474373219e-09,3.6088701,0.0
7133,DUCATO,Ducato Finance Token,meme,0.0005910413126139192,3.45624633,0.0
29369,CATFISH,Catfish,meme,3.3742092027061166e-05,3.05283127,0.0
35579,MCC,Meshchain Ai,ai,0.016320039461567546,2.47581654,0.0
29098,BABYTOMCAT,Baby Tomcat,meme,1.2323096299e-14,1.93326168,0.0
34775,SPR,Super Meme,meme,0.0002477977889044937,1.7745723,0.0
29295,ZUZALU,Zuzalu Inu,meme,0.00017389956992608846,1.22087728,0.0
26242,GPN,Gamepass Network,gaming,1.9990473887841034e-05,1.09784224,0.0
12938,CMCX,Catena,meme,1.790125126191058e-05,1.00003067,0.0
32333,CAT,Catson,meme,7.069788978091819e-05,0.81351888,0.0
27639,YIELDX,Yield Finance,rwa,0.00012983680914031482,0.52946527,0.0
23955,AI,Chat AI,ai,3.6104547825621284e-05,0.38719142,0.0
29818,SORADOGE,Sora Doge,meme,1.7705964372e-14,0.24969114,0.0
35306,AAAI,AAAI_agent by Virtuals,ai,2.175097359812285e-05,0.13954953,0.0
10712,AI,Flourishing AI,ai,0.019523076028332947,0.09000353,0.0
19833,API,API INU,meme,1.455689071345989e-09,0.08721342,0.0
1254,XPTX,PlatinumBAR,meme,0.002033982561117248,0.0,0.0
2043,CND,Cindicator,meme,0.00022901479949484932,0.0,0.0
3730,TCAT,The Currency Analytics,meme,4.119446819571954e-06,0.0,0.0
6490,ITAM,ITAM Games,gaming,0.008667922363992907,0.0,0.0
9427,vDOGE,Venus Dogecoin,meme,0.0034310720239200225,0.0,0.0
9932,EDOGE,ElonDoge,meme,2.400518288159001e-09,0.0,0.0
9968,CORGI,Corgidoge,meme,8.97607431232768e-10,0.0,0.0
10134,FISH,Polycat Finance,meme,0.020195998970779273,0.0,0.0
10820,YLDY,Yieldly,rwa,4.620322951398149e-06,0.0,0.0
10877,AINU,Ainu Token,meme,4.45107084159e-13,0.0,0.0
11061,AI,Multiverse,ai,4.710955884204276e-05,0.0,0.0
11380,DOGE2,Dogecoin 2.0,meme,0.0003313850052118593,0.0,0.0
11397,KSHIB,Kaiken Shiba,meme,2.42697735576e-13,0.0,0.0
11415,YAK,Yield Yak,rwa,227.90713780297048,0.0,0.0
11465,CATO,CATO,meme,0.00047726265365104865,0.0,0.0
11701,COPYCAT,Copycat Finance,meme,0.0025764444968156275,0.0,0.0
11810,PirateCoin☠,Pirate Coin Games,gaming,2.536572790678e-12,0.0,0.0
11878,ADOGE,Arbidoge,meme,4.9618276897944766e-08,0.0,0.0
12218,UM,Continuum World,meme,0.00013885204694572096,0.0,0.0
12229,DOGEGF,DogeGF,meme,7.6635908041153e-11,0.0,0.0
12359,WOJ,Wojak Finance,meme,0.0006001537361623781,0.0,0.0
12562,Mononoke-Inu,Mononoke Inu,meme,4.54142837333e-13,0.0,0.0
12924,XDOGE,XDoge Network,meme,2.277784695513999e-06,0.0,0.0
13071,SGT,SquidGameToken,gaming,9.7703846136424e-11,0.0,0.0
13074,FLOKI,Baby Moon Floki,meme,2.15154188201e-12,0.0,0.0
13429,DOFI,Doge Floki Coin,meme,1.22786609103e-13,0.0,0.0
13560,SBZ2.0,ShibaZilla2.0 (old),meme,1.559454e-18,0.0,0.0
13618,SHIBGF,Shiba Girlfriend,meme,3.47885170609113e-10,0.0,0.0
13760,SHIBARMY,Shib Army,meme,3.43891712116034e-10,0.0,0.0
14205,WKD,Wakanda Inu,meme,1.059505719906332e-09,0.0,0.0
14275,GFT,Game Fantasy Token,gaming,0.010042767612571038,0.0,0.0
14363,GCAKE,Pancake Games,gaming,4.123550048834349e-08,0.0,0.0
14447,SWOLE,Swole Doge,meme,8.424517740271343e-07,0.0,0.0
14599,PWT,PANDAINU,meme,4.339807105279661e-07,0.0,0.0
14627,SONAR,SonarWatch,rwa,0.0056777497309830945,0.0,0.0
14838,AI,Artificial Intelligence,ai,1.001295633047448e-07,0.0,0.0
15056,WOOL,Wolf Game Wool,gaming,6.285888469900824e-05,0.0,0.0
15313,BG,BunnyPark Game,gaming,1.2752010469002014e-05,0.0,0.0
15510,xDG,Decentral Games Governance (xDG),gaming,0.0010967289642181033,0.0,0.0
15709,GENS,Genius Yield,rwa,0.009903394211402019,0.0,0.0
15853,AXL,Axl Inu,meme,1.6817031504866356e-07,0.0,0.0
16135,SHG,Shib Generating,meme,7.46886390384554e-06,0.0,0.0
17017,VCG,VCGamers,gaming,0.007514569227060001,0.0,0.0
17097,SHIBIC,SHIBIC,meme,2.6406174961730828e-08,0.0,0.0
17284,DGLN,Dogelana,meme,9.128060928787248e-06,0.0,0.0
17317,INUS,MultiPlanetary Inus,meme,5.45410973114617e-10,0.0,0.0
17318,CATS,CATCOIN,meme,4.0219732761627e-10,0.0,0.0
17444,FROYO,Froyo Games,gaming,3.6161332558481216e-05,0.0,0.0
17672,KINGDOG,King Dog Inu,meme,5.090355805761165e-06,0.0,0.0
17888,ABCD,Crypto Inu,meme,4.55047088738937e-10,0.0,0.0
18035,DOGE-1,Doge-1 Mission to the moon,meme,3.698762035397195e-09,0.0,0.0
18124,TOURISTS,TOURIST SHIBA INU,meme,2.9902090096711e-10,0.0,0.0
18293,WEB3,Web3 Doge,meme,1.591005134927333e-09,0.0,0.0
18381,BABYCATS,Baby Cat Coin,meme,8.582418149963e-12,0.81088093,0.0
18700,BITMETA,Bitcoin Metaverse,gaming,5.312060656976986e-05,0.0,0.0
18877,DAMZN,Amazon Tokenized Stock (Defichain),rwa,4.594516680831861,0.0,0.0
18878,DNFLX,Netflix Tokenized Stock (Defichain),rwa,86.92437700482746,0.0,0.0
18879,DQQQ,Invesco QQQ Trust tokenized ETF (Defichain),rwa,72.17444909487347,0.0,0.0
18880,DTLT,iShares 20+ Year Treasury Bond ETF Defichain,rwa,1.9221111758591842,0.0,0.0
18882,DEEM,iShares MSCI Emerging Markets tokenized ETF (Defichain),rwa,1.059874644921067,0.0,0.0
18883,DVOO,Vanguard S&P 500 tokenized ETF (Defichain),rwa,47.66247298607305,0.0,0.0
18884,DVNQ,Vanguard Real Estate Tokenized ETF (Defichain),rwa,2.567082059108376,0.0,0.0
18885,DAAPL,Apple Tokenized Stock (Defichain),rwa,4.980826387207428,0.0,0.0
18886,DURTH,iShares MSCI World ETF tokenized ETF (Defichain),rwa,3.6244443757295293,0.0,0.0
18938,MEME,Memeverse,meme,0.0006704917111799628,0.0,0.0
18996,BB,BB Gaming,gaming,1.8013913645508816e-05,0.0,0.0
19242,DPLTR,Palantir Tokenized Stock (Defichain),rwa,2.830515377788104,0.0,0.0
19247,DMSFT,Microsoft tokenized stock (Defichain),rwa,9.551455344443273,0.0,0.0
19362,TAKI,Taki Games,gaming,0.00019198503197245635,0.0,0.0
19626,KINU,Kragger Inu,meme,9.988698190165524e-05,0.0,0.0
19762,SANI,Sanin Inu,meme,3.646064226770766e-07,0.0,0.0
20156,BULL,Bullshit Inu,meme,8.701693706440654e-09,0.0,0.0
20508,SHINJI,Shinjiru Inu V2,meme,3.4233411100881e-11,0.0,0.0
20550,LINU,Luna Inu,meme,1.022787045058593e-09,0.0,0.0
20696,M,MetaVerse-M,gaming,0.000586685645347572,0.0,0.0
20860,INU,Inu.,meme,3.43908432759202e-10,0.0,0.0
20989,INUINU,Inu Inu,meme,5.96275484280064e-10,0.0,0.0
21165,KENKA,KENKA METAVERSE,gaming,6.055510875875341e-09,0.0,0.0
21552,POO DOGE,Poo Doge,meme,7.994074858979714e-08,0.0,0.0
21556,TINU,Telegram Inu,meme,4.93034462129716e-06,0.0,0.0
21775,YYAVAX,Yield Yak AVAX,rwa,20.419401069081918,0.0,0.0
21889,NTG,NEWTOWNGAMING,gaming,0.0002099746768128908,0.0,0.0
22009,WEB5,WEB5 Inu,meme,9.8215474705349e-11,0.0,0.0
22197,SOCCER,SoccerInu,meme,4.801651666408e-11,0.0,0.0
22455,JPD,JackpotDoge,meme,0.00019956394912370147,0.0,0.0
22502,DBI,Don't Buy Inu,meme,0.0002825679267117708,0.0,0.0
22527,GGT,GameGuru,gaming,9.556921400634503e-05,0.0,0.0
22916,SHINJA,Shibnobi(New),meme,4.8965425579096184e-05,0.0,0.0
23112,KABOSU,Kabosu Inu,meme,2.6419498096052943e-07,0.0,0.0
23183,SBONK,SHIBONK,meme,0.4218389501911867,0.0,0.0
23275,METADOGE,MetaDoge,meme,0.00019173966676078847,0.0,0.0
23560,CTS,Cats Coin,meme,2.8001957281201e-11,0.0,0.0
23608,AIAI,All In AI,ai,6.077850789983363e-05,0.0,0.0
23640,MILK,Cool Cats MILK,meme,6.951278592028005e-05,0.0,0.0
23641,FLOKICEO,FLOKI CEO,meme,4.65879965874e-13,0.0,0.0
23695,DOKE,Doke Inu,meme,9.995210986345288e-05,0.0,0.0
23764,DOGECEO,Doge CEO,meme,1.25659133013e-13,0.0,0.0
23931,DOGECUBE,DOGECUBE,meme,1.1300716101111169e-05,0.0,0.0
24006,FROGCEO,Frog Ceo,meme,9.62845248018e-13,0.0,0.0
24062,PEPA,Pepa Inu,meme,5.08725213166e-13,0.0,0.0
24107,GOLDEN,Golden Inu,meme,3.135567593468e-12,0.0,0.0
24161,ZKDOGE,zkDoge,meme,3.4295501405201055e-06,0.0,0.0
24328,FLOKICASH,Floki Cash,meme,2.673592328721208e-09,0.0,0.0
24529,BABYPEPE,BabyPepe,meme,3.686912275465e-11,0.0,0.0
24553,HONK,Clown Pepe,meme,3.951233154476822e-07,0.0,0.0
24573,shibai,AiShiba,meme,1.36273827342e-13,0.0,0.0
24574,SHANG,Shanghai Inu,meme,1.39161550423452e-10,0.0,0.0
24619,RUG,RUGAME,gaming,6.994815501607251e-08,0.0,0.0
24764,TZPEPE,Tezos Pepe,meme,0.0002522358617629924,0.0,0.0
24821,SONIC,Sonic Inu,meme,3.44294249887e-13,0.0,0.0
24887,POV,Pepe Original Version,meme,8.9426805491841e-11,0.0,0.0
24953,AIBABYDOGE,AIBabyDoge,meme,1.53013608845e-13,0.0,0.0
24989,NYAN,NYAN Meme Coin,meme,4.109683586696124e-09,0.0,0.0
25018,PUGAI,PUG AI,ai,4.2991107678017e-11,0.0,0.0
25022,PEPEAI,Pepe AI Coin,meme,3.0687782052454e-10,0.0,0.0
25060,CRAZYPEPE,CRAZY PEPE,meme,1.88712658808e-13,0.0,0.0
25139,PEPECHAIN,PEPE Chain,meme,2.3719955297398e-11,0.0,0.0
25289,PEPE,Pepe Coin,meme,3.04981164460396e-10,0.0,0.0
25604,PINU,Pulse Inu,meme,5.46575861472311e-10,0.0,0.0
25687,JOEY,Joey Inu,meme,0.010996536172059864,0.0,0.0
25868,$PG,Pepe Grow,meme,6.772639783575e-12,0.0,0.0
26632,AIPEPE,AI PEPE KING,meme,1.71190824142873e-10,0.0,0.0
26788,CAT,Cyber Arena,meme,2.598180888251629e-05,0.0,0.0
26837,PEPEW,PEPEPOW,meme,2.1101474951190686e-06,0.0,0.0
26907,FSM,Floki SafeMoon,meme,8.608557416395e-12,0.0,0.0
26925,DOGC,Dogeclub,meme,5.26054370458621e-10,0.0,0.0
26984,X,AI-X,ai,1.8222375893513e-11,0.0,0.0
27319,RAIN,Precipitate.AI,ai,0.0009536454008973355,0.0,0.0
27344,AI,AIDOGE,meme,3.334106841421932e-07,0.0,0.0
27385,NCT,New Cat,meme,8.5633441855131e-11,0.0,0.0
27442,SAUCEINU,SAUCEINU,meme,1.3141803002155296e-06,58.47065349,0.0
27455,ICLICK,Iclick inu,meme,4.92034392226816e-06,0.0,0.0
27526,BABYDOGE2.0,Baby Doge 2.0,meme,2.86304123544228e-10,0.0,0.0
27627,MINU,Mantle Inu,meme,0.00018720269092163628,0.0,0.0
27655,X,X AI,ai,3.72944353048468e-10,0.0,0.0
27673,XD,XDoge,meme,2.83350036022179e-10,0.0,0.0
27691,XDOGE,XDOGE,meme,1.688079516354496e-09,0.0,0.0
27755,SOLANA,BarbieCrashBandicootRFK888Inu,meme,5.36433262146689e-10,0.0,0.0
27873,ETHEREUM,HarryPotterTrumpHomerSimpson777Inu,meme,0.00019671428107452454,0.0,0.0
27905,BABYSHIB,Baby Shiba Inu,meme,0.0007274133944246652,0.0,0.0
27923,DOBO,DogeBonk,meme,0.0006380489384836096,0.0,0.0
27928,PEPE,Pepe Community,meme,0.0003213492882545103,0.0,0.0
27988,OGD,OLYMPIC GAMES DOGE,meme,6.468358644199e-12,0.0,0.0
28034,BNBCAT,BNBcat,meme,2.1508319118892e-11,0.0,0.0
28061,SHIB2,SHIB2,meme,5.607921741574416e-05,0.0,0.0
28161,SHIBU,SHIBU INU,meme,1.0824946093272e-11,0.0,0.0
28169,BNBDOGE,BNBdoge,meme,1.5104755173568e-11,0.0,0.0
28192,SHIBA,Shiba,meme,1.89393859951398e-10,0.0,0.0
28193,DSHIB,DOLLAR SHIBA INU,meme,4.140874341128e-12,0.0,0.0
28274,PAW,PAW PATROL INU,meme,1.38853220982e-13,0.0,0.0
28353,APX,AstroPepeX,meme,1.782069394369174e-05,0.0,0.0
28384,DOGE,DOGE SATELLITE INU,meme,4.83e-22,0.0,0.0
28435,WEB,Web-x-ai,ai,2.2615761685715117e-07,0.0,0.0
28438,DOGE,DOGECOIN X,meme,7.25e-22,0.0,0.0
28448,DOGE-1,Satellite Doge-1 Mission,meme,9.127412053986228e-05,0.0,0.0
28450,FLOKIX,FLOKI X,meme,0.0038082506643590474,0.0,0.0
28470,SQUID,Squid Game (squid-game.cool),gaming,2.8568219375252987e-07,0.0,0.0
28493,SHIBA,SHIBA INU X,meme,0.004683606997259861,0.0,0.0
28547,CRAZYCAT,CRAZY CAT,meme,2.7161429741e-14,0.0,0.0
28584,AEGIS,Aegis Ai,ai,0.0009993455857627309,0.0,0.0
28590,OCAI,Onchain AI,ai,0.001150671334748889,0.0,0.0
28600,CRAZYDOGE,CRAZY DOGE,meme,4.3448706094e-14,0.0,0.0
28657,MVU,Memes vs Undead,meme,0.000786679691518618,0.0,0.0
28703,MARSUPILAMI,MARSUPILAMI INU,meme,3.0756529643e-14,0.0,0.0
28710,CAT,SPACE CAT,meme,5.791951135e-14,0.0,0.0
28808,SSHIB,Solana Shib,meme,8.14613664468213e-10,0.0,0.0
28825,SOL,SonicObamaLockheedMartin69Inu,meme,7.7333563224528e-11,0.0,0.0
28827,OMNI,OmniCat,meme,1.1637589261662645e-05,0.0,0.0
28844,CIF,CATWIFHAT,meme,2.967090776717816e-05,0.0,0.0
28876,SOL10,SOLANA MEME TOKEN,meme,1.4281603312523918e-05,0.0,0.0
28892,PIF,pepewifhat,meme,1.2612863533840886e-06,0.0,0.0
28902,AI,AI PIN,ai,0.0036972810344990284,0.0,0.0
28953,PAI,Purple AI,ai,0.05126939194025325,0.0,0.0
28967,EXE,Windoge98,meme,0.11595174434199998,0.0,0.0
28977,CRAZY,Crazy Frog,meme,9.845063096604117e-05,0.0,0.0
29013,DOGEGROKAI,Doge Of Grok AI,meme,9.732642655485397e-07,0.0,0.0
29047,CHINU,Chinu,meme,3.84253133787865e-05,0.0,0.0
29096,DOGE,ELON DOGE,meme,3.1896984583e-14,0.0,0.0
29143,SOLANA,HarryPotterWifHatMyroWynn10Inu,meme,9.368660234204357e-06,0.0,0.0
29167,DACAT,daCat,meme,2.612250356840435e-09,0.0,0.0
29176,BTCINU,Bitcoin Inu,meme,0.005628206955954775,0.0,0.0
29201,BABYPEPE,BabyPepeFi,meme,0.007302103800250587,0.0,0.0
29249,HARAMBEAI,Harambe AI,ai,0.008134452845185417,0.0,0.0
29285,SHIBA 3.0,Shiba 3.0,meme,1.76922032e-16,0.0,0.0
29292,CASINU,Casinu Inu,meme,8.225091883917867e-07,0.0,0.0
29312,FORK,FlokiFork,meme,6.988316695229361e-09,0.0,0.0
29351,CDOGE,cyberdoge,meme,6.534265573784128e-07,0.0,0.0
29397,SILLYCAT,Sillycat,meme,2.30509343771264e-10,0.0,0.0
29398,KINGCAT,King Cat,meme,4.2257731584e-14,0.0,0.0
29403,DOGE,SUPER DOGE,meme,0.001249515726846328,0.0,0.0
29469,CAT,SUPER CAT,meme,4.2136896672e-14,0.0,0.0
29517,LUSH,Lush AI,ai,0.0006505379765180815,0.0,0.0
29518,CHAT,VectorChat.ai,ai,0.01447763686982245,0.0,0.0
29536,ORACLE,Oracle AI,ai,0.00010727096542795662,0.0,0.0
29539,SMURF,Real Smurf Cat - шайлушай,meme,3.022018606310898e-05,0.0,0.0
29556,CHATGPT,AI Dragon,ai,2.117318193376033e-07,0.0,0.0
29594,MINU,MINU 2.0,meme,0.001431343095960989,0.0,0.0
29625,USDCAT,UpSideDownCat,meme,1.689270507911904e-05,0.0,0.0
29650,BABYPEPE,Baby Pepe,meme,2.9993071816048757e-07,0.0,0.0
29707,LOAF,LOAF CAT,meme,3.7733439618581374e-07,0.0,0.0
29783,PEPE,SUPER PEPE,meme,5.816061391971257e-07,0.0,0.0
29804,GBOY,GameBoy,gaming,1.7156164377788822e-05,0.0,0.0
29868,GPUINU,GPU Inu,meme,2.333199536232599e-06,0.0,0.0
29878,BESA,Besa Gaming,gaming,4.310059179354662e-06,0.0,0.0
29885,SBF,Sam Bankmeme-Fried,meme,0.000612991901167168,0.0,0.0
29891,TRUMPEPE,Trump Pepe,meme,9.2132345531928e-11,0.0,0.0
29949,VCAT,Vibing Cat,meme,0.09780341473136092,0.0,0.0
30018,HOKK,Hokkaidu Inu,meme,3.394169961515e-12,0.0,0.0
30029,BENJI,Taylor Swift's Cat BENJI,meme,8.12388808108829e-05,0.0,0.0
30052,CHONK,Chonk The Cat,meme,2.288777409133121e-05,0.0,0.0
30061,PEPESORA,Pepe Sora AI,meme,2.164075333052184e-05,0.0,0.0
30064,BABYBOME,Book of Baby Memes,meme,1.04462502277e-13,0.0,0.0
30072,FBG,Fort Block Games,gaming,0.022183354350712673,0.0,0.0
30082,CATWIF,Cat wif Hands,meme,1.9415689484864305e-07,0.0,0.0
30086,WOME,WAR OF MEME,meme,1.4661489964644698e-06,0.0,0.0
30105,SHIB,ShibaInu On Solana,meme,2.871032022590847e-05,0.0,0.0
30113,TINU,Ton Inu,meme,7.391923769711764e-05,0.0,0.0
30130,SHIV,Shiva Inu,meme,6.589737648270493e-09,0.0,0.0
30136,CAT,CAT COIN,meme,3.317728817429e-12,0.0,0.0
30178,TSA,TensorScan AI,ai,0.06358624613880959,0.0,0.0
30191,MOON,MOON INU,meme,1.165435232854437e-09,0.0,0.0
30201,DIG,Doge In Glasses,meme,0.0011068282407583183,0.0,0.0
30202,BNBFLOKI,BNB FLOKI,meme,3.7309552128e-14,0.0,0.0
30234,CATWIF,CatWifHat,meme,0.00013336738949223898,0.0,0.0
30253,FLOKI,CRAZY FLOKI,meme,2.0956614216e-14,0.0,0.0
30269,SOLANA,HairyPotheadTrempSanic69Inu,meme,9.542982527190632e-06,0.0,0.0
30279,CRAZYPEPE,CrazyPepe,meme,4.3094268831753e-11,0.0,0.0
30326,CAT,TOP CAT,meme,4.0337450998e-14,0.0,0.0
30341,PEPE,Pepe,meme,0.00010993003162419225,0.0,0.0
30379,MOCHICAT,MochiCat,meme,1.6720101086006528e-05,0.0,0.0
30408,BTCAT,Bitcoin Cat,meme,7.3163233890622e-11,0.0,0.0
30416,CAT,TOM CAT,meme,3.1256485879e-14,0.0,0.0
30432,GEMAI,Next Gem AI,ai,0.0004400574977556117,0.0,0.0
30442,SHIBK,ShibaKeanu,meme,7.92412595174826e-10,0.0,0.0
30456,COOL,coolcat,meme,3.852566147953746e-05,0.0,0.0
30461,CATME,ELON’S CAT,meme,0.0,0.0,0.0
30473,PEPECASH,PEPECASH,meme,6.5537148654904e-11,0.0,0.0
30477,GROKCAT,Grok Cat,meme,3.732705540935668e-06,0.0,0.0
30478,CAT,CAT INU,meme,6.1101711977e-14,0.0,0.0
30548,DOGE,MOON DOGE,meme,2.8611975897e-14,0.0,0.0
30586,BOPE,Book of Pepe,meme,1.421149415028486e-07,0.0,0.0
30593,LUIS,Tongue Cat,meme,2.9822428290757108e-05,0.0,0.0
30597,CCC,Cute Cat Candle,meme,4.22913764293e-11,0.0,0.0
30638,CAT,MOON CAT,meme,4.4402023582e-14,0.0,0.0
30642,CEICAT,CEILING CAT,meme,4.904865146860902e-05,0.0,0.0
30654,GCAT,Giga Cat on Base,meme,2.9326606314662553e-05,0.0,0.0
30678,DITH,Dither AI,ai,0.01028840726786764,0.0,0.0
30713,DEEPAI,Deep Whales AI,ai,0.0047255404188763835,0.0,0.0
30727,POODL,Poodl Inu,meme,1.2228321515845989e-05,0.0,0.0
30775,MEREDITH,Taylor Swift's Cat MEREDITH,meme,5.179393500189694e-06,0.0,0.0
30779,$NOTINU,NOTCOIN INU,meme,3.099093483722995e-07,0.0,0.0
30845,MEM,Not Meme,meme,0.00016860139655975557,0.0,0.0
30852,DOGE,WHALES DOGE,meme,1.7960261644e-14,0.0,0.0
30887,DOGEGROK,Doge Grok,meme,1.8454339533e-14,0.0,0.0
30977,DINU,Doge Inu,meme,2.24002060585332e-10,0.0,0.0
30996,WAI,AI Waifu,ai,0.08854787355586943,0.0,0.0
31063,$BADCAT,Andy’s Alter Ego,meme,1.884937372457401e-07,0.0,0.0
31068,MADPEPE,Mad Pepe,meme,6.045424707448e-11,0.0,0.0
31070,TRUMPCAT,TRUMP CAT,meme,2.2780410903290038e-08,0.0,0.0
31095,SOUTH,DeepSouth AI,ai,0.10069644937891543,0.0,0.0
31140,SQUOGE,DogeSquatch,meme,0.00018940024611744977,0.0,0.0
31147,PEPE,NEXT GEN PEPE,meme,0.0007110510548200955,0.0,0.0
31199,ROXY,ROXY FROG,meme,1.828319470370048e-06,0.0,0.0
31244,SHIBA,Shiba Armstrong,meme,8.380194930274089e-05,0.0,0.0
31280,CUFF,Jail Cat,meme,3.950529210937517e-05,0.0,0.0
31298,JUNGLE,JUNGLEDOGE,meme,6.738355142434039e-07,0.0,0.0
31304,CHEEPEPE,CHEEPEPE,meme,0.00018719245155021755,0.0,0.0
31341,CVAI,Agentlauncher,ai,0.0007466488768053751,0.0,0.0
31364,GSTOP,GameStop (gamestopeth.io),gaming,3.136801391687557e-05,0.0,0.0
31377,RPEPE,RoaringPepe,meme,1.7889727576773587e-05,0.0,0.0
31427,CAT,CAT SYLVESTER,meme,1.5558981145e-14,0.0,0.0
31438,CAT,CAT (SOL),meme,0.00017390775292766973,0.0,0.0
31466,MUSCAT,MusCat,meme,1.24819606876088e-07,0.0,0.0
31479,XALPHA,XAlpha AI,ai,0.007991144949977637,0.0,0.0
31539,KABOSU,KABOSU,meme,0.010797435692235334,0.0,0.0
31551,NYXC,Nyxia AI,ai,0.011426435024576213,0.0,0.0
31554,MAGAPEPE,MAGA PEPE,meme,6.21535579613e-13,0.0,0.0
31558,EAGLE,EAGLE INU,meme,3.2647976915e-14,0.0,0.0
31571,PEPEMAGA,PEPE MAGA,meme,2.03868766112e-13,0.0,0.0
31587,PEPE,Pepe on Sol,meme,3.7541213194189e-11,0.0,0.0
31591,PEPE GOLD,PEPE,meme,1.4663021067415916e-05,0.0,0.0
31651,MAGASHIB,MAGA SHIB,meme,1.710555270132e-12,0.0,0.0
31658,CAT,AMERICAN CAT,meme,2.2204638485e-14,0.0,0.0
31664,BADCAT,BADCAT,meme,1.3360624524406156e-07,0.0,0.0
31666,SHIN,Shina Inu,meme,6.79354955135592e-10,0.0,0.0
31676,DOGEVERSE,DogeVerse,meme,4.969601326397451e-06,0.0,0.0
31718,DOGER,Robotic Doge,meme,8.863230170127076e-08,0.0,0.0
31772,LION,King Of Meme,meme,9.96023263105997e-10,0.0,0.0
31849,RECA,The Resistance Cat,meme,0.024067624392521598,0.0,0.0
31851,FROG,Frog,meme,3.328850706453364e-07,0.0,0.0
31869,PTRUMP,Pepe Trump,meme,0.000794930902225556,0.0,0.0
31885,FPEPE,Based Father Pepe,meme,3.485227539881628e-05,0.0,0.0
31929,NCAT,Neuracat,meme,1.815133407323374e-07,0.0,0.0
31937,FAC,Flying Avocado Cat,meme,0.048238143250393856,0.0,0.0
31949,POCAT,Polite Cat,meme,3.51961456697549e-05,0.0,0.0
32006,ZEUS,Zeus (zeuspepesdog.vip),meme,0.026811154745660027,0.0,0.0
32034,MMIP,Memes Make It Possible,meme,5.241809099165854e-05,0.0,0.0
32063,CPL,CATERPILLAR,meme,1.380708354960388e-09,0.0,0.0
32239,AIST,Artificial intelligence staking token,ai,0.0003116778820421991,0.0,0.0
32252,OPCAT,OP_CAT(BIP-420),meme,1.0332068583900446e-05,0.0,0.0
32256,MAPE,Maga Pepe,meme,9.864729167133336e-08,0.0,0.0
32292,PEGA,Pepe Maga,meme,5.398862526590908e-08,0.0,0.0
32330,DOPA,DopaMeme,meme,0.00011071305626675012,0.0,0.0
32377,RARE,Rare Pepe,meme,7.666735385248656e-08,0.0,0.0
32410,USPEPE,American pepe,meme,2.54361341252843e-10,0.0,0.0
32473,BUTT,Buttercat,meme,1.9898732428050838e-05,0.0,0.0
32523,ONIGIRI,Onigiri The Cat,meme,1.3068771529641118e-05,0.0,0.0
32578,WAI,Wiener AI,ai,6.5064012432009844e-06,0.0,0.0
32581,CATLIFE,Cat Life,meme,1.2374557793653852e-05,0.0,0.0
32586,BALL,Game 5 BALL,gaming,0.0027148130838014098,0.0,0.0
32643,PEPE,MOG PEPE,meme,0.00043596277161833625,0.0,0.0
32714,SQUID2,Squid Game 2,gaming,7.49217291835e-13,0.0,0.0
32793,TCAT,Tron cat,meme,5.352275519652197e-05,0.0,0.0
32919,BNBCAT,BNBcat,meme,4.41661564697165e-05,0.0,0.0
32982,PEPE,SEXY PEPE,meme,0.00018567583447363293,0.0,0.0
33016,MICRODOGE,MicroDoge,meme,1.2345041077e-14,0.0,0.0
33019,DOGE,Department Of Government Efficiency (doge.ong),meme,1.1694528593224348e-07,0.0,0.0
33022,CATALORIAN,CATALORIAN (catalorian.club),meme,7.3634726056e-14,0.0,0.0
33033,MOG,MOG CAT,meme,3.5997520892138045e-05,0.0,0.0
33044,SCAT,Simon's Baby Cat,meme,1.1885276631469966e-05,0.0,0.0
33057,CATI,Catizen on SOL,meme,4.224049415e-14,0.0,0.0
33062,SDOGE,S.D.O.G.E,meme,1.2006982488468472e-05,0.0,0.0
33091,GINNAN,Ginnan Doge's Brother,meme,7.877128119003351e-07,0.0,0.0
33182,MOONBIX,MOONBIX MEME,meme,9.843688694e-15,0.0,0.0
33203,MARVIN,Marvin Inu (ETH),meme,6.420227020868819e-07,0.0,0.0
33242,GRUMPY,Grumpy Cat (grumpycatspl.com),meme,9.152694526733801e-06,0.0,0.0
33247,TERMINUS,Terminus,meme,2.123767727291678e-07,0.0,0.0
33248,DOGEI,Dogei,meme,1.3858892421588087e-07,0.0,0.0
33317,SASHA,SASHA CAT,meme,5.9911795661e-14,0.0,0.0
33336,AGNT,iAgent Protocol,ai,0.0013274000509559418,0.0,0.0
33353,DOGGO,Doggo Inu,meme,1.60412114543267e-10,0.0,0.0
33415,FROP,Popo The Frog,meme,6.684150176344925e-07,0.0,0.0
33470,POPCAT,Popcat (ERC),meme,2.374930331420119e-05,0.0,0.0
33499,KABOSU,KabosuCoin (ERC),meme,1.7977505699075337e-07,0.0,0.0
33521,MAGA,PEPE MAGA,meme,3.5011758695575875e-05,0.0,0.0
33594,TRAIMP,TRUMP AI,ai,1.752783413740729e-05,0.0,0.0
33621,SDOGE,DOGE on Solana,meme,8.724694013885034e-05,0.0,0.0
33622,BRO,Bro the cat,meme,0.00013209344926126226,0.0,0.0
33649,CLAP,Clap Cat,meme,0.0005112659003179481,0.0,0.0
33682,SHIKOKU,Mikawa Inu,meme,1.29447962094304e-10,0.0,0.0
33750,THECAT,THECAT,meme,0.0005149136508542004,0.0,0.0
33769,OCADA,OCADA.AI,ai,0.0006616431195524478,0.0,0.0
33836,BABYPOPCAT,Baby PopCat,meme,1.1223451263224963e-05,0.0,0.0
33878,BTCAT,Bitcat,meme,6.203252588103542e-05,0.0,0.0
33894,SHIB,Strategic Hub for Innovation in Blockchain,meme,0.00021033803716486533,0.0,0.0
33896,WMM,Weird Medieval Memes,meme,0.0002886999642398181,0.0,0.0
33920,SAD,SadCat,meme,0.0002499610190386718,0.0,0.0
33950,CDOGE,Cyberdoge,meme,0.0006283876363151249,0.0,0.0
33973,SGM,SRCGAME,gaming,1.2007987787383337e-06,0.0,0.0
34128,FROG,FROG,meme,1.5429191423820948e-05,0.0,0.0
34132,LONG,Longcat,meme,1.2818996060276694e-05,0.0,0.0
34188,DESCI,DeSci Meme,meme,2.94800321796e-13,0.0,0.0
34198,SOLCAT,SOLCAT,meme,8.2058400083615e-06,0.0,0.0
34230,NFNT,NFINITY AI,ai,0.011692568635571124,0.0,0.0
34244,DJI,Doge Jones Industrial Average,meme,0.00018617575336408247,0.0,0.0
34255,QUESTS,Golden Frog Inn,meme,1.3963991268165634e-05,0.0,0.0
34275,PFROG,Peace Frog,meme,4.369748031160249e-08,0.0,0.0
34299,MONET,Claude Monet Memeory Coin,meme,0.0006230071668256937,0.0,0.0
34316,BTC,HarryPotterTrumpSonic100Inu,meme,3.3518270520749214e-05,0.0,0.0
34356,CATGUY,Roscoe,meme,1.7075991012920142e-05,0.0,0.0
34407,SQUID,Squid Game (squidgame.top),gaming,4.424364993044938e-06,0.0,0.0
34425,LLM,LLM,ai,3.145204906035421e-05,0.0,0.0
34450,LMI,Lockheed Martin Inu,meme,0.0012060087119248857,0.0,0.0
34541,RPG,Massive Meme Outbreak,meme,7.89422824120109e-06,0.0,0.0
34551,SOLYCAT,Solycat,meme,1.1895513671456118e-05,0.0,0.0
34554,DNAPEPE,DNA PEPE,meme,2.27013675358e-13,0.0,0.0
34576,PEPEDNA,PEPE DNA,meme,3.44920329428e-13,0.0,0.0
34592,AICM,AI Crypto Marketplace,ai,0.0029072117111767124,0.0,0.0
34603,TUPE,Turtle Pepe,meme,7.724330190698485e-05,0.0,0.0
34622,BUCK,BUCK INU,meme,1.6313006649116466e-07,0.0,0.0
34632,KNOT,Knot Diffie-Hellman,ai,0.00033043425899291175,0.0,0.0
34651,AIYP,Agent YP by Virtuals,ai,0.0015285228465604093,0.0,0.0
34690,BUBSY,Bubsy AI,ai,0.00942892132575132,0.0,0.0
34702,PEPE,El Sapo Pepe,meme,4.560423225810687e-05,0.0,0.0
34715,SQUID,Squid Game(squidgames.info),gaming,1.8428795520393782e-05,0.0,0.0
34736,CPAL,Chainpal AI,ai,0.04345958417210865,0.0,0.0
34741,MOM,Museum Of Memes,meme,1.8067084375903733e-05,0.0,0.0
34742,SQUID2,SquidGame2,gaming,1.421735210797e-11,0.0,0.0
34758,MINIDOGE,Minidoge (minidoge.co),meme,2.1411645202132825e-05,0.0,0.0
34781,MSCHINA,Miss China AI,ai,0.0001369990864289247,0.0,0.0
34824,SKINUT,Skimask Pnut,meme,4.366176703599342e-05,0.0,0.0
34826,MSI,Monkey Sol Inu,meme,1.51672116608731e-05,0.0,0.0
34829,PEPEC,Pepe Clanker,meme,0.14566906109404967,0.0,0.0
34831,GMG,Goblin Mine Game,gaming,0.000321223602019135,0.0,0.0
34857,SHIBUSSY,SHIBUSSY,meme,1.931990166741421e-06,0.0,0.0
34875,$BABU,Babu Pepe,meme,1.930935904573e-11,0.0,0.0
34961,OMG,Oil Meta Games,gaming,5.080226904530395,0.0,0.0
34969,DUEL,BetDuel.ai,ai,1.2004503137383667e-05,0.0,0.0
34985,SYRAX,Syrax AI,ai,0.11639108962618197,0.0,0.0
34989,ERC AI,Euruka Tech,ai,0.0001676845802846965,0.0,0.0
34992,GENIE,Genie Ai,ai,0.00045452537090398824,0.0,0.0
34996,SETAI,SETAI Agents,ai,0.0008655027185746252,0.0,0.0
35003,BRYAN,DrPepe.ai,meme,7.37045807335319e-10,0.0,0.0
35005,AURK,Aurk AI,ai,0.0036494097278067824,0.0,0.0
35008,HACHI INU,Hachi Inu,meme,0.020095296931347487,0.0,0.0
35013,DESCIAI,DeSci AI Agent,ai,1.116900821983e-12,0.0,0.0
35023,ROCKET,AI ROCKET by Virtuals,ai,0.0009969490684902604,0.0,0.0
35029,DEEPSEEKAI,DeepSeek AI Agent,ai,7.521928850921e-12,0.0,0.0
35042,COAI,COTI AI Agents,ai,5.563332887209072e-05,0.0,0.0
35043,BONKERS,Bonkers Meme Token,meme,1.6456819146395167e-05,0.0,0.0
35057,DOGEIUS,DOGEIUS,meme,1.4670530759743962e-05,0.0,0.0
35059,OPERATOR,OpenAI Agent,ai,1.5712799832117e-11,0.0,0.0
35071,COQAI,COQ AI,ai,0.00041088925544126347,0.0,0.0
35087,DIGGAI,DIGGER AI,ai,7.698912836271808e-06,0.0,0.0
35089,PEPEAI,Pepe AI Agent,meme,1.74386748676e-13,0.0,0.0
35110,DVA,DeVap AI,ai,0.0009632550324642422,0.0,0.0
35111,AETHRA,Aethra AI,ai,0.0007837385872385367,0.0,0.0
35119,SPOT,SPOT AI,ai,4.5614779295266516e-07,0.0,0.0
35126,EFFECT,Effect AI [New],ai,0.005896497491977802,0.0,0.0
35133,FRGB,Pepe's Frogbar,meme,1.1405488152838032e-07,0.0,0.0
35140,N2,Niggachain AI Layer 2,ai,0.0001932835383512091,0.0,0.0
35153,POD,Podflow AI by Virtuals,ai,0.00014991496642256024,0.0,0.0
35195,SPHERE,Sphere AI,ai,1.848335921941621e-05,0.0,0.0
35199,AGI,Agently,ai,0.00037403679681877454,0.0,0.0
35204,GUDTEK,ai16zterminalfartARCzereLLMswarm,ai,2.781446833398874e-05,0.0,0.0
35334,NAI,Nimbus AI,ai,2.2716296029325914e-05,0.0,0.0
35408,ELON,Official Elon Meme,meme,9.753437921616897e-06,0.0,0.0
35414,DOGEAI,Doge AI Agent,meme,1.41842386014e-13,0.0,0.0
35428,BOLTAI,Bolt AI,ai,1.1984967837740465e-05,0.0,0.0
35455,STOCK,Digital Asset Stockpile,rwa,1.9866712512306218e-05,0.0,0.0
35468,DOGEMARS,DOGE TO MARS,meme,6.97407056718e-13,0.0,0.0
35470,DOGECAUCUS,OFFICIAL DOGE CAUCUS,meme,2.7201340732932425e-05,0.0,0.0
35483,DOGEMOON,DOGE TO MOON,meme,1.24938910803e-13,0.0,0.0
35485,STARGATEAI,Stargate AI Agent,ai,1.39455562782e-13,0.0,0.0
35494,SUIRWA,Sui RWA,rwa,0.00016577474860623875,0.0,0.0
35499,DEEPSEEK,DeepSeek AI,ai,4.28510716803e-13,0.0,0.0
35519,OCAI,OcNest AI,ai,0.0022678893405654777,0.0,0.0
35528,MINTO,The AI Mascot,ai,1.3598763719932743e-05,0.0,0.0
35535,AMERICAI,AMERICA AI Agent,ai,1.36552135602e-13,0.0,0.0
35548,OASIS,Oasis Metaverse,gaming,0.003540561185745188,0.0,0.0
35550,A2I,Arcana AI,ai,7.153210855832435e-06,0.0,0.0
35551,QWENAI,Qwen AI Agent,ai,1.04369531066e-13,0.0,0.0
35564,DOGECAUCUS,Doge Caucus,meme,0.018053487225546627,0.0,0.0
35568,QWEN,Qwen AI,ai,9.6794348905e-14,0.0,0.0
35570,JELLYAI,jelly ai agent,ai,8.5847172897e-14,0.0,0.0
35571,HOODAI,Robinhood AI Agent,ai,1.97058523874e-13,0.0,0.0
35573,HOODAI,Robinhood AI,ai,1.76618769977e-13,0.0,0.0
35581,COINAI,Coinbase AI Agent,ai,1.57534011744e-13,0.0,0.0
35584,JAI,Japanese Akita Inu,meme,1.258416834478748e-05,0.0,0.0
35594,DOGEMARS,DOGEMARS,meme,1.08355413617e-13,0.0,0.0
35620,BTCAI,BTC AI Agent,ai,1.22887451051e-13,0.0,0.0
35627,ASKAI,Ask AI,ai,1.20412349487e-13,0.0,0.0
35633,DOGPU,DogeGPU,meme,3.590201728520131e-07,0.0,0.0
35661,MUSKAI,Musk AI Agent,ai,1.05264637727e-13,0.0,0.0
35679,SFX,SpaceFrog X,meme,2.312063465569994e-07,0.0,0.0
35683,NEST,Nest AI,ai,0.0007697567593000054,0.0,0.0
35725,DEEPSEEK,DeepSeek AI (deepseekaibnb.com),ai,1.6750218094626923e-05,0.0,0.0
35771,PIDOGE,Pi Network Doge,meme,1.77525831948e-13,0.0,0.0
35772,GROK3AI,Grok 3 AI,ai,3.67176283702e-13,0.0,0.0
35781,PIAI,Pi Network AI Agent,ai,1.78028586687e-13,0.0,0.0
35808,XAIGAME,xAI Game Studio,gaming,1.92302112787e-13,0.0,0.0
35848,UNITREEAI,Unitree G1 AI,ai,1.72600767509e-13,0.0,0.0
35862,DOGED,Doge Dividends,meme,7.587990149166035e-06,0.0,0.0
35868,GTY,G-Agents AI,ai,7.664026127357658e-05,0.0,0.0
35907,ALIBABAAI,Alibaba AI Agent,ai,1.7141567756e-13,0.0,0.0
35917,CAT,CRYPTO AGENT TRUMP,meme,1.94670586096e-13,0.0,0.0
35951,TRUMP,Agent Krasnov,ai,1.28472858488e-13,0.0,0.0
35959,MINIDOGE,MiniDoge,meme,0.00014516937751227047,0.0,0.0
35972,MANUSAI,Manus AI Agent,ai,1.64825725847e-13,0.0,0.0
35987,DUCAT,Ducat,meme,0.006813689446932289,0.0,0.0
36098,SAUDIPEPE,SAUDI PEPE (new),meme,5.102492358355751e-06,0.0,0.0
36150,DOGEMARS,DOGE TO MARS,meme,2.17935353964e-13,0.0,0.0
36176,EVA,EVA AI,ai,0.06546897116448594,0.0,0.0
36183,MCD,McDonald's Job Application,meme,1.27213866544e-13,0.0,0.0
36202,ROCKET,DOGE ROCKET,meme,1.5109114039038138e-05,0.0,0.0
36204,DOGEMOON,DOGE TO MOON,meme,9.0619502649e-14,0.0,0.0
36218,4444,4444 Meme,meme,4.659543530322572e-07,0.0,0.0
36237,GBB,GameBeeBSC,gaming,1.2891740287608955e-05,0.0,0.0
36259,ELMO,ELMO (elmomemecoin),meme,5.3780051430824e-11,0.0,0.0
36276,JARVIS,Jarvis AI,ai,2.101544589846396e-05,0.0,0.0
36297,FARTCOIN,First AI Revolution Takeover,ai,4.092767504516328e-07,0.0,0.0
36425,ALGOAI,ALGORITHA AI,ai,3.5534525899762996e-05,0.0,0.0
36456,MECO,Memeseco,meme,4.130110968841542e-05,0.0,0.0
36482,ZKAI,ZKCrypt AI,ai,0.04236942314738907,0.0,0.0
36516,QU3,QU3 AI,ai,0.008356798291831126,0.0,0.0
36553,GAMES,GAME,gaming,3.9422420410169706e-05,0.0,0.0
36561,CNC,Cats N Cars,meme,0.0003347756210742027,0.0,0.0
36567,CMX,CMX Agent,ai,0.0003784191430505777,0.0,0.0
36583,MCP,MCP AI,ai,1.31895099067e-13,0.0,0.0
36600,$RWA,$RWA,rwa,1.27731687345e-13,0.0,0.0
36612,USDUC,Unstable Coin (usduc.ai),ai,3.672122737203136e-05,0.0,0.0
36624,GX3,GX3.AI,ai,0.0009126373486672088,0.0,0.0
36631,KABOSU,Kabosu,meme,0.00047211716246067553,0.0,0.0
36659,BTCPT,Bitcoin Platinum,meme,7.419236464015084e-09,0.0,0.0
36698,MLG,MLG DOGE,meme,5.188453235306949e-08,0.0,0.0
36842,POM,Pepe of Memeland,meme,1.5227233826877e-11,0.0,0.0
36875,WLAI,Weblume AI,ai,0.017310454899634592,0.0,0.0
32272,PUMPBTC,pumpBTC (Rehypothecated BTC),meme,102438.9177317491,0.0,265195869.4433827
33795,ynETH,Yieldnest Restaked ETH,rwa,2625.990076603682,0.0,13240594.236055747
36708,CBDOGE,Coinbase Wrapped DOGE,meme,0.16761321589608305,5701.444826,2907233.921172654
34304,YUSD,YieldFi yToken,rwa,1.0982687237326065,0.0,1350159.950326851
21415,WWDOGE,Wrapped WDOGE,meme,0.14082314331014936,27941.32135571,1106308.0926093417
28109,WBONE,Shibarium Wrapped BONE,meme,0.1921,185.04994978,746431.9126147719
37066,WBCOIN,Wrapped Coinbase Global tokenized stock (Backed),rwa,352.8457449838347,34028.32321219,476326.2404409484
25284,WDOGE,Wrapped Dogecoin,meme,0.17224354074132836,158120.26461511,12410.183281556265
