close,date,id,cmc_id,market_cap,name,narrative,price,symbol,volume,modeling_group,future_return,ret_1d,vol_7d,volume_sma,volume_ratio,rsi,consolidation,prediction_score,pattern_type,group,month
0.0004299,2024-08-26,CATA,30828.0,21838.822409620483,CATAMOTO,meme,1.1270099097302765e-06,CATA,24.40842833,meme_emerging,-0.31007210979297506,-0.084149978696208,0.07799140230163547,24.40842833,1.0,89.0369136830419,0,-0.259393250297173,breakdown,meme_emerging,2024-08
0.0003875,2024-08-27,CATA,30828.0,21838.822409620483,CATAMOTO,meme,1.1270099097302765e-06,CATA,24.40842833,meme_emerging,-0.31767741935483873,-0.09862758781111891,0.07164062273227055,24.40842833,1.0,78.96764252696455,0,-0.3471485131833881,breakdown,meme_emerging,2024-08
0.0003817,2024-08-28,CATA,30828.0,21838.822409620483,CATAMOTO,meme,1.1270099097302765e-06,CATA,24.40842833,meme_emerging,-0.33927167932931623,-0.01496774193548378,0.06777591454894256,24.40842833,1.0,76.6569071067341,0,-0.36961709647319174,breakdown,meme_emerging,2024-08
0.0003833,2024-08-29,CATA,30828.0,21838.822409620483,CATAMOTO,meme,1.1270099097302765e-06,CATA,24.40842833,meme_emerging,-0.3448995564831725,0.0041917736442231845,0.06736930753824466,24.40842833,1.0,71.50747238466536,0,-0.3774009372284352,breakdown,meme_emerging,2024-08
0.00476,2025-01-24,CATANA,33749.0,0.0,Catana,meme,0.0008534716946584,CATANA,100235.22442521,meme_emerging,-0.4670168067226891,-0.30327868852459017,0.18085264286842131,100235.22442521,1.0,51.382622616795224,0,-0.27948592809500566,breakdown,meme_emerging,2025-01
0.005114,2025-01-25,CATANA,33749.0,0.0,Catana,meme,0.0008534716946584,CATANA,100235.22442521,meme_emerging,-0.6593664450527963,0.0743697478991594,0.18253254152487988,100235.22442521,1.0,52.59601060930857,0,-0.24744854044217104,breakdown,meme_emerging,2025-01
0.004304,2025-01-26,CATANA,33749.0,0.0,Catana,meme,0.0008534716946584,CATANA,100235.22442521,meme_emerging,-0.5880576208178439,-0.15838873680093857,0.17784200240890172,100235.22442521,1.0,49.577905538170434,0,-0.3041253395666182,breakdown,meme_emerging,2025-01
0.004736,2025-01-27,CATANA,33749.0,0.0,Catana,meme,0.0008534716946584,CATANA,100235.22442521,meme_emerging,-0.4142736486486486,0.1003717472118959,0.18472447306521625,100235.22442521,1.0,52.04176076413313,0,-0.2063536032424079,breakdown,meme_emerging,2025-01
0.003179,2025-01-28,CATANA,33749.0,0.0,Catana,meme,0.0008534716946584,CATANA,100235.22442521,meme_emerging,-0.2667505504875747,-0.32875844594594594,0.20905731819987586,100235.22442521,1.0,49.18761818054486,0,-0.318721611120232,breakdown,meme_emerging,2025-01
0.003096,2025-01-30,CATANA,33749.0,0.0,Catana,meme,0.0008534716946584,CATANA,100235.22442521,meme_emerging,-0.45671834625322993,-0.22889165628891672,0.22875655709411924,100235.22442521,1.0,43.831677041243495,0,-0.27168054093707145,breakdown,meme_emerging,2025-01
0.001247,2025-02-19,CATANA,33749.0,0.0,Catana,meme,0.0008534716946584,CATANA,100235.22442521,meme_emerging,-0.24723336006415397,-0.016561514195583604,0.09913061765823938,100235.22442521,1.0,42.80401636296017,1,-0.2056344276841171,breakdown,meme_emerging,2025-02
0.0004275,2025-03-30,CATANA,33749.0,0.0,Catana,meme,0.0008534716946584,CATANA,100235.22442521,meme_emerging,-0.25941520467836254,0.018584703359542543,0.151522079061104,100235.22442521,1.0,35.507726269315555,0,-0.20772946859903385,breakdown,meme_emerging,2025-03
1.6e-06,2024-08-25,COQ,28675.0,32344937.490763705,Coq Inu,meme,4.659311076168785e-07,COQ,2864978.31411913,meme_emerging,-0.2124999999999999,-0.024390243902439046,0.07107839715751317,2864978.31411913,1.0,73.75,0,-0.23918212077983828,breakdown,meme_emerging,2024-08
2.66e-06,2024-12-03,COQ,28675.0,32344937.490763705,Coq Inu,meme,4.659311076168785e-07,COQ,2864978.31411913,meme_emerging,-0.2293233082706767,0.035019455252918386,0.08490907885141731,2864978.31411913,1.0,70.04405286343612,0,-0.2623405435385469,breakdown,meme_emerging,2024-12
1.06e-06,2025-02-19,COQ,28675.0,32344937.490763705,Coq Inu,meme,4.659311076168785e-07,COQ,2864978.31411913,meme_emerging,-0.3679245283018867,-0.07017543859649134,0.14459854930884283,2864978.31411913,1.0,70.79646017699115,0,-0.2139414163885799,breakdown,meme_emerging,2025-02
1.06e-06,2025-02-20,COQ,28675.0,32344937.490763705,Coq Inu,meme,4.659311076168785e-07,COQ,2864978.31411913,meme_emerging,-0.3207547169811321,0.0,0.13943792173142483,2864978.31411913,1.0,70.79646017699115,0,-0.24822695035460995,breakdown,meme_emerging,2025-02
7.4e-07,2025-03-24,COQ,28675.0,32344937.490763705,Coq Inu,meme,4.659311076168785e-07,COQ,2864978.31411913,meme_emerging,-0.20270270270270274,0.013698630136986356,0.07022344335899806,2864978.31411913,1.0,73.33333333333331,0,-0.22309711286089243,breakdown,meme_emerging,2025-03
7.8e-07,2025-03-25,COQ,28675.0,32344937.490763705,Coq Inu,meme,4.659311076168785e-07,COQ,2864978.31411913,meme_emerging,-0.21794871794871806,0.05405405405405417,0.0647570870287861,2864978.31411913,1.0,75.75757575757575,0,-0.20122887864823338,breakdown,meme_emerging,2025-03
0.01112,2024-10-13,MEME,28301.0,75479685.64048906,Memecoin,meme,0.0015018174779322,MEME,18991816.34761813,meme_emerging,0.3408273381294964,0.11222244448889773,0.042416097091053484,5454796.33998301,3.481672855210078,44.48850118953211,0,0.3999195531905073,breakout,meme_emerging,2024-10
0.01118,2024-10-25,MEME,28301.0,75479685.64048906,Memecoin,meme,0.0015018174779322,MEME,18991816.34761813,meme_emerging,0.20840787119856885,-0.1399999999999999,0.06153057735089345,5454796.33998301,3.481672855210078,26.369863013698634,0,0.5957900346389556,breakout,meme_emerging,2024-10
0.01069,2024-11-12,MEME,28301.0,75479685.64048906,Memecoin,meme,0.0015018174779322,MEME,18991816.34761813,meme_emerging,0.32086061739943883,0.0,0.0,5454796.33998301,3.481672855210078,0.0,1,0.6666666666666666,breakout,meme_emerging,2024-11
0.001422,2025-04-17,MEME,28301.0,75479685.64048906,Memecoin,meme,0.0015018174779322,MEME,18991816.34761813,meme_emerging,0.7735583684950773,-0.00974930362116988,0.006046830719606724,5454796.33998301,3.481672855210078,0.0,1,0.656964656964657,breakout,meme_emerging,2025-04
0.01807,2024-12-07,MEME,23258.0,0.0,Meme Network,meme,3.0174917632599326e-06,MEME,1359.08422493,meme_emerging,-0.20586607636967347,0.0,0.026885439692416975,2750993.86171857,0.0004940338994725957,70.61855670103088,0,-0.47157096204177423,breakdown,meme_emerging,2024-12
0.0179,2024-12-08,MEME,23258.0,0.0,Meme Network,meme,3.0174917632599326e-06,MEME,1359.08422493,meme_emerging,-0.25474860335195526,0.0,0.0035558362153616714,2750993.86171857,0.0004940338994725957,88.96103896103895,1,-0.4992465951404544,breakdown,meme_emerging,2024-12
0.0179,2024-12-08,MEME,18938.0,0.0,Memeverse,meme,0.0006704917111799,MEME,0.0,meme_emerging,-0.25474860335195526,0.0,0.0035558362153616714,2741873.873783982,0.0,87.5912408759124,1,-0.5031507737929756,breakdown,meme_emerging,2024-12
0.0045,2025-02-22,MEME,23258.0,0.0,Meme Network,meme,3.0174917632599326e-06,MEME,1359.08422493,meme_emerging,-0.20666666666666667,0.0,0.03788885915251424,2750993.86171857,0.0004940338994725957,78.08219178082189,0,-0.4640082152712434,breakdown,meme_emerging,2025-02
0.0045,2025-02-22,MEME,18938.0,0.0,Memeverse,meme,0.0006704917111799,MEME,0.0,meme_emerging,-0.20666666666666667,0.0,0.03788885915251424,2741873.873783982,0.0,71.92982456140345,0,-0.46818005432673643,breakdown,meme_emerging,2025-02
0.003067,2025-05-13,MEME,18938.0,0.0,Memeverse,meme,0.0006704917111799,MEME,0.0,meme_emerging,-0.24160417345940655,0.0,0.05457919815469057,2741873.873783982,0.0,70.74954296160877,0,-0.4551070123542719,breakdown,meme_emerging,2025-05
0.006848,2024-07-27,MEW,30126.0,239985596.04441923,cat in a dogs world,meme,0.0026998379555267,MEW,26852921.4298545,meme_emerging,-0.24707943925233644,-0.10296044013623262,0.16235964979346565,26852921.4298545,1.0,75.54188225423017,0,-0.30837714049094317,breakdown,meme_emerging,2024-07
0.006467,2024-07-28,MEW,30126.0,239985596.04441923,cat in a dogs world,meme,0.0026998379555267,MEW,26852921.4298545,meme_emerging,-0.30013916808411945,-0.055636682242990676,0.06471361577598077,26852921.4298545,1.0,71.11864406779661,0,-0.3713058018354332,breakdown,meme_emerging,2024-07
0.002875,2025-04-01,MEW,30126.0,239985596.04441923,cat in a dogs world,meme,0.0026998379555267,MEW,26852921.4298545,meme_emerging,-0.3095652173913044,0.13501776549545985,0.12432744802998849,26852921.4298545,1.0,70.90674688440052,0,-0.22577691603382352,breakdown,meme_emerging,2025-04
0.00305,2025-04-02,MEW,30126.0,239985596.04441923,cat in a dogs world,meme,0.0026998379555267,MEW,26852921.4298545,meme_emerging,-0.2662295081967214,0.0608695652173914,0.10393518185613851,26852921.4298545,1.0,72.05943045810977,0,-0.20863496017228403,breakdown,meme_emerging,2025-04
0.002907,2025-04-03,MEW,30126.0,239985596.04441923,cat in a dogs world,meme,0.0026998379555267,MEW,26852921.4298545,meme_emerging,-0.27760577915376683,-0.04688524590163945,0.09687195034956335,26852921.4298545,1.0,70.34649476228847,0,-0.26679782082324444,breakdown,meme_emerging,2025-04
1e-09,2024-08-19,PAYU,25736.0,0.0,Platform of meme coins,meme,6.40629991839394e-10,PAYU,60703.61231518,meme_emerging,-0.30000000000000004,0.0,0.06100279000182745,60703.61231518,1.0,80.0,0,-0.32659932659932656,breakdown,meme_emerging,2024-08
3.048602417339368e-06,2024-10-19,aguri-chan,,111907.0,Aguri-Chan,meme,2.66008e-07,aguri,44784.0,meme_emerging,-0.2970553152080728,-0.1706780663449322,0.11793451960102797,44784.0,1.0,44.45616040003802,0,-0.2247156281037007,breakdown,meme_emerging,2024-10
0.0005549012419613,2025-01-25,alina-ai,,12882.46,ALINA AI,ai,1.289e-05,alinaintel,1.3,meme_emerging,-0.3996432117403085,0.0,0.3785261767912017,1.3,1.0,44.70251932209409,0,-0.30763468817647927,breakdown,meme_emerging,2025-01
0.0005965274637881,2025-01-26,alina-ai,,12882.46,ALINA AI,meme,1.289e-05,alinaintel,1.3,meme_emerging,-0.441536647265685,0.0750155499376286,0.3794077108577007,1.3,1.0,45.27447819493967,0,-0.2451979436553613,breakdown,meme_emerging,2025-01
0.0005965274637881,2025-01-26,alina-ai,,12882.46,ALINA AI,ai,1.289e-05,alinaintel,1.3,meme_emerging,-0.49613933482722583,0.0,0.19021425837771525,1.3,1.0,45.27447819493967,0,-0.20250070388247474,breakdown,meme_emerging,2025-01
0.0004031934102298,2025-01-27,alina-ai,,12882.46,ALINA AI,meme,1.289e-05,alinaintel,1.3,meme_emerging,-0.2545346301002488,-0.324099166081273,0.2027379687002623,1.3,1.0,51.67586850476568,0,-0.3333333333333333,breakdown,meme_emerging,2025-01
0.0004031934102298,2025-01-27,alina-ai,,12882.46,ALINA AI,ai,1.289e-05,alinaintel,1.3,meme_emerging,-0.5450828562940548,0.0,0.19395477852544868,1.3,1.0,51.67586850476568,0,-0.322320529943086,breakdown,meme_emerging,2025-01
0.0003331387274252,2025-01-29,alina-ai,,12882.46,ALINA AI,meme,1.289e-05,alinaintel,1.3,meme_emerging,-0.4889900402968804,-0.38106300426702644,0.2434543036821364,1.3,1.0,38.76140756648454,0,-0.2615516115541375,breakdown,meme_emerging,2025-01
0.0003331387274252,2025-01-29,alina-ai,,12882.46,ALINA AI,ai,1.289e-05,alinaintel,1.3,meme_emerging,-0.645089754703925,0.0,0.23904735022126142,1.3,1.0,38.76140756648454,0,-0.2089335663802138,breakdown,meme_emerging,2025-01
0.0044274839416441,2024-08-31,alphakek-ai,,4206198.0,AlphaKEK.AI,meme,0.01772379,aikek,10856.73,meme_emerging,-0.20687603982197056,0.00623658964563556,0.13030034057831005,10856.73,1.0,70.20481779036515,0,-0.2299600216246279,breakdown,meme_emerging,2024-08
0.0109139093349494,2024-10-30,alphakek-ai,,4206198.0,AlphaKEK.AI,meme,0.01772379,aikek,10856.73,meme_emerging,-0.2902457229198877,0.034157281144439056,0.05463664712062173,10856.73,1.0,76.79241260786878,1,-0.240959617544607,breakdown,meme_emerging,2024-10
0.0409559517424434,2025-01-14,alphakek-ai,,4206198.0,AlphaKEK.AI,meme,0.01772379,aikek,10856.73,meme_emerging,-0.2284949843079388,0.04622785033889598,0.12101768511324466,10856.73,1.0,73.06712377618041,0,-0.21184744313832585,breakdown,meme_emerging,2025-01
0.0252123250854258,2025-05-14,alphakek-ai,,4206198.0,AlphaKEK.AI,meme,0.01772379,aikek,10856.73,meme_emerging,-0.26256334929855596,0.07124285756321558,0.08502679847164282,10856.73,1.0,76.70263499032757,0,-0.21304312084042376,breakdown,meme_emerging,2025-05
0.024625340226953,2025-05-15,alphakek-ai,,4206198.0,AlphaKEK.AI,meme,0.01772379,aikek,10856.73,meme_emerging,-0.23545667181354668,-0.023281663094694482,0.081096856357543,10856.73,1.0,74.89648772660571,0,-0.2554668643026061,breakdown,meme_emerging,2025-05
6.342757648173719e-07,2025-04-09,american-bitcoin,,112507.0,American Bitcoin,meme,3.17729e-07,abtc,4517.01,meme_emerging,-0.4462451683362285,-0.269269000745608,0.21694055862460082,4517.01,1.0,,0,-0.3333333333333333,breakdown,meme_emerging,2025-04
8.378181527615317e-07,2025-04-10,american-bitcoin,,112507.0,American Bitcoin,meme,3.17729e-07,abtc,4517.01,meme_emerging,-0.6074433190845427,0.320905194923798,0.3276808156133726,4517.01,1.0,,0,-0.3216077286539978,breakdown,meme_emerging,2025-04
0.0008116524792519,2024-12-03,boop-3,,134122.0,BOOP,meme,0.00013696,boop,540.53,meme_emerging,-0.3986984097496583,-0.3649301689362283,0.2836779222803535,540.53,1.0,41.35016297582707,0,-0.25976223193106757,breakdown,meme_emerging,2024-12
0.0005758722833765,2024-12-04,boop-3,,134122.0,BOOP,meme,0.00013696,boop,540.53,meme_emerging,-0.20825359797372378,-0.29049402534040014,0.22367353262602463,540.53,1.0,37.64171894694627,0,-0.3333333333333333,breakdown,meme_emerging,2024-12
0.0007954663209657,2024-12-05,boop-3,,134122.0,BOOP,meme,0.00013696,boop,540.53,meme_emerging,-0.3703112452417726,0.38132419970216125,0.2846876501483711,540.53,1.0,49.26433234682496,0,-0.24278648265449876,breakdown,meme_emerging,2024-12
0.0002307957010551,2024-12-25,boop-3,,134122.0,BOOP,meme,0.00013696,boop,540.53,meme_emerging,-0.21493054319567817,0.00367290021571387,0.1337241268765595,540.53,1.0,35.5843469328244,0,-0.20270024069196438,breakdown,meme_emerging,2024-12
0.0008007752420052,2024-08-01,data-bot,,1038751.0,Databot,meme,0.00112346,data,1133.94,meme_emerging,-0.31530292110037594,-0.04081091388460667,0.09215793741165954,1133.94,1.0,72.86025087594311,0,-0.21142970983070355,breakdown,meme_emerging,2024-08
0.0011409610718817,2024-10-20,data-bot,,1038751.0,Databot,meme,0.00112346,data,1133.94,meme_emerging,-0.23752403088463925,0.12354430365270619,0.0556370457294817,1133.94,1.0,88.15896858585955,1,-0.20095663539444222,breakdown,meme_emerging,2024-10
0.0012046829832529,2024-10-22,data-bot,,1038751.0,Databot,meme,0.00112346,data,1133.94,meme_emerging,-0.27387251503563204,0.006379141660283638,0.05485427873694645,1133.94,1.0,88.80533292957419,1,-0.21122297802771536,breakdown,meme_emerging,2024-10
0.0023268493052879,2025-06-03,data-bot,,1038751.0,Databot,meme,0.00112346,data,1133.94,meme_emerging,-0.20036192897786986,-0.048430218659401336,0.09375554014221787,1133.94,1.0,77.25575174902953,0,-0.28842520416375583,breakdown,meme_emerging,2025-06
0.0025516540611327,2025-06-04,data-bot,,1038751.0,Databot,meme,0.00112346,data,1133.94,meme_emerging,-0.20084883509922136,0.09661337128017622,0.08489408380369061,1133.94,1.0,73.15063687041375,0,-0.23909138208067762,breakdown,meme_emerging,2025-06
0.0026441009712824,2025-06-05,data-bot,,1038751.0,Databot,meme,0.00112346,data,1133.94,meme_emerging,-0.3116384903410685,0.03623018949075796,0.06961354317233737,1133.94,1.0,74.73988679285009,0,-0.23843521314096203,breakdown,meme_emerging,2025-06
6.673292245410731e-06,2024-07-28,frog-on-eth,,137817.0,Frog on ETH,meme,3.31657e-07,frog,10.77,meme_emerging,-0.602484433742505,-0.14696446903061622,0.06622489089418758,10.77,1.0,34.530573864732446,1,-0.2065871302172099,breakdown,meme_emerging,2024-07
6.103776683227025e-06,2024-07-29,frog-on-eth,,137817.0,Frog on ETH,meme,3.31657e-07,frog,10.77,meme_emerging,-0.7255507794587583,-0.08534251779177893,0.06628828864162234,10.77,1.0,31.948467749724514,1,-0.2160862683552851,breakdown,meme_emerging,2024-07
4.639972523528455e-06,2024-07-31,frog-on-eth,,137817.0,Frog on ETH,meme,3.31657e-07,frog,10.77,meme_emerging,-0.7002605227622685,-0.2609722463814109,0.10772453967557614,10.77,1.0,42.87615677143516,0,-0.2664955452035665,breakdown,meme_emerging,2024-07
0.0013014916278519,2025-01-05,liquidated,,105063.0,,meme,0.00014598,,100.43,meme_emerging,-0.28584641621416085,-0.13252351261933248,0.11199279641704409,100.43,1.0,76.72885522453863,0,-0.27785445465291875,breakdown,meme_emerging,2025-01
0.0012399196539738,2025-01-06,liquidated,,105063.0,,meme,0.00014598,,100.43,meme_emerging,-0.23027472164299856,-0.047308774455755764,0.1155076980315148,100.43,1.0,71.76756476860612,0,-0.3334700671925859,breakdown,meme_emerging,2025-01
0.0014393221513191,2025-01-22,liquidated,,105063.0,,meme,0.00014598,,100.43,meme_emerging,-0.5324364353412216,-0.021250360179636996,0.07638596609744096,100.43,1.0,75.54765383685172,0,-0.20641537059000914,breakdown,meme_emerging,2025-01
0.0014332372639508,2025-01-23,liquidated,,105063.0,,meme,0.00014598,,100.43,meme_emerging,-0.7735064973129644,-0.004227606281695495,0.07682071843899713,100.43,1.0,79.74870752532841,0,-0.23987286019541573,breakdown,meme_emerging,2025-01
0.0006729745957631,2025-01-29,liquidated,,105063.0,,meme,0.00014598,,100.43,meme_emerging,-0.5799146352695039,-0.33152287067942565,0.14122371052898083,100.43,1.0,40.857804790174896,0,-0.27926742533234483,breakdown,meme_emerging,2025-01
0.0017527399008146,2024-12-10,minetard-ai,,118992.0,MineTard AI,meme,0.000119,mtard,192.21,meme_emerging,-0.3212159269418341,-0.20508678966433502,0.18075028845335603,192.21,1.0,54.81965426996972,0,-0.23385612485691443,breakdown,meme_emerging,2024-12
0.000800339856891,2025-01-19,minetard-ai,,118992.0,MineTard AI,meme,0.000119,mtard,192.21,meme_emerging,-0.3874095652675056,-0.23770642778942142,0.17542815917877233,192.21,1.0,45.732569549050396,0,-0.21218194308453642,breakdown,meme_emerging,2025-01
0.0006870430962157,2025-01-20,minetard-ai,,118992.0,MineTard AI,meme,0.000119,mtard,192.21,meme_emerging,-0.3704824599994043,-0.14156081282195854,0.17867238012224926,192.21,1.0,41.706759576248025,0,-0.25624601592727186,breakdown,meme_emerging,2025-01
0.00625967497651,2025-03-11,minidoge-4,,145363.0,MiniDoge,meme,0.00014539,minidoge,2.18,meme_emerging,-0.744477443142731,0.1519048595288066,0.26847690726798656,2.18,1.0,,0,-0.238055293331105,breakdown,meme_emerging,2025-03
0.0416901544682909,2024-08-01,only1,,3967687.0,LIKE,meme,0.01003901,like,635612.0,meme_emerging,-0.25450193017691325,0.02297592303139684,0.04776598855942479,628913.0,1.0106517117629943,77.34036758212983,0,-0.25866392661723736,breakdown,meme_emerging,2024-08
0.0416901544682909,2024-08-01,only1,,3956212.0,,ai,0.01001446,,619981.0,meme_emerging,-0.34757798362234626,0.0,0.047080738196837835,626680.0,0.9893103338226846,77.34036758212983,0,-0.27987968862762536,breakdown,meme_emerging,2024-08
0.0375579569726026,2024-08-02,only1,,3967687.0,LIKE,meme,0.01003901,like,635612.0,meme_emerging,-0.27579727882590976,-0.09911686700108546,0.06687031535223086,628913.0,1.0106517117629943,71.51351216124914,0,-0.3516032792204422,breakdown,meme_emerging,2024-08
0.0375579569726026,2024-08-02,only1,,3956212.0,,ai,0.01001446,,619981.0,meme_emerging,-0.3609413597539918,0.0,0.04251784011582802,626680.0,0.9893103338226846,71.51351216124914,0,-0.35884551303269935,breakdown,meme_emerging,2024-08
0.0673495152711211,2024-09-29,only1,,3956212.0,,ai,0.01001446,,619981.0,meme_emerging,-0.2067581860311346,0.0,0.05480710874822297,626680.0,0.9893103338226846,74.57527509127809,0,-0.23623032942024155,breakdown,meme_emerging,2024-09
0.0756726869155452,2024-09-30,only1,,3956212.0,,ai,0.01001446,,619981.0,meme_emerging,-0.29405200845292434,0.0,0.05663605001407428,626680.0,0.9893103338226846,88.04010687929261,0,-0.20633922800803303,breakdown,meme_emerging,2024-09
0.0506181396727493,2024-11-11,only1,,3956212.0,,ai,0.01001446,,619981.0,meme_emerging,-0.2701188274694799,0.0,0.08916299226348234,626680.0,0.9893103338226846,70.61693124151031,0,-0.22462052449293898,breakdown,meme_emerging,2024-11
0.0477187484408978,2024-11-12,only1,,3967687.0,LIKE,meme,0.01003901,like,635612.0,meme_emerging,-0.22577124625515865,-0.057279687688965186,0.09574920434994022,628913.0,1.0106517117629943,70.60721420151174,0,-0.2767645877858981,breakdown,meme_emerging,2024-11
0.0565278672593886,2024-12-09,only1,,3956212.0,,ai,0.01001446,,619981.0,meme_emerging,-0.2265028680338822,0.0,0.06930111045931377,626680.0,0.9893103338226846,71.33342484482543,0,-0.2995586039673852,breakdown,meme_emerging,2024-12
0.0167206603146544,2025-03-26,only1,,3956212.0,,ai,0.01001446,,619981.0,meme_emerging,-0.2805926874216196,0.0,0.026711631555754463,626680.0,0.9893103338226846,82.78281412572359,1,-0.29486550307433096,breakdown,meme_emerging,2025-03
0.0213111130818949,2025-05-03,only1,,3967687.0,LIKE,meme,0.01003901,like,635612.0,meme_emerging,-0.2392071652483121,0.17691988898329547,0.06738906284320943,628913.0,1.0106517117629943,82.65918245591794,0,-0.21152451980514916,breakdown,meme_emerging,2025-05
0.0213111130818949,2025-05-03,only1,,3956212.0,,ai,0.01001446,,619981.0,meme_emerging,-0.23347104446203315,0.0,0.06816830809150175,626680.0,0.9893103338226846,82.65918245591794,0,-0.23000179396832765,breakdown,meme_emerging,2025-05
0.0215074969243872,2025-05-04,only1,,3967687.0,LIKE,meme,0.01003901,like,635612.0,meme_emerging,-0.2404701807259777,0.00921509081846783,0.0676537582715518,628913.0,1.0106517117629943,79.03682391342412,0,-0.23735673596700127,breakdown,meme_emerging,2025-05
0.0215074969243872,2025-05-04,only1,,3956212.0,,ai,0.01001446,,619981.0,meme_emerging,-0.263342000241252,0.0,0.06533665049845722,626680.0,0.9893103338226846,79.03682391342412,0,-0.25812219968784794,breakdown,meme_emerging,2025-05
0.1284922978582539,2024-12-09,opulous,,8951459.0,Opulous,meme,0.01790291,opul,797941.0,meme_emerging,-0.2334556257804815,0.10517422520723652,0.07714655775481329,797941.0,1.0,71.34684243041067,0,-0.29218684690631863,breakdown,meme_emerging,2024-12
0.0841940914376742,2025-04-04,pizabrc,,149515.0,PIZA (Ordinals),meme,0.00717972,piza,53424.0,meme_emerging,-0.24285512784391095,-0.011774334039286849,0.09243608735271822,53424.0,1.0,85.2336922815272,0,-0.23649690497605672,breakdown,meme_emerging,2025-04
0.0859506520302312,2025-04-05,pizabrc,,149515.0,PIZA (Ordinals),meme,0.00717972,piza,53424.0,meme_emerging,-0.20233506688889424,0.02086322879150382,0.08832144511930339,53424.0,1.0,85.62027129949205,0,-0.24788462353380117,breakdown,meme_emerging,2025-04
0.0260880027410073,2025-01-24,soul-graph,,5327594.0,Soul Graph,meme,0.0053279,grph,55057.0,meme_emerging,-0.478475041229635,-0.16873682401407208,0.2702555027106694,55057.0,1.0,54.76956493366217,0,-0.22144437649401047,breakdown,meme_emerging,2025-01
0.016642792438055,2025-01-25,soul-graph,,5327594.0,Soul Graph,meme,0.0053279,grph,55057.0,meme_emerging,-0.5431247906835446,-0.36205187483001644,0.29421686539036285,55057.0,1.0,45.20100823239527,0,-0.3333333333333333,breakdown,meme_emerging,2025-01
0.0236372302100306,2025-01-26,soul-graph,,5327594.0,Soul Graph,meme,0.0053279,grph,55057.0,meme_emerging,-0.7544080030781879,0.42026828117992343,0.35339081563769165,55057.0,1.0,50.57897499399089,0,-0.2004575157514165,breakdown,meme_emerging,2025-01
0.0160414705474952,2025-01-27,soul-graph,,5327594.0,Soul Graph,meme,0.0053279,grph,55057.0,meme_emerging,-0.5478493642385457,-0.32134728117645917,0.3561156955233225,55057.0,1.0,42.611752490298684,0,-0.31851628082791156,breakdown,meme_emerging,2025-01
0.0168636000470997,2025-01-28,soul-graph,,5327594.0,Soul Graph,meme,0.0053279,grph,55057.0,meme_emerging,-0.25745791930156114,0.05125025770987501,0.26513593419121345,55057.0,1.0,36.12204694231895,0,-0.2644624812282823,breakdown,meme_emerging,2025-01
0.0156050953167415,2025-01-29,soul-graph,,5327594.0,Soul Graph,meme,0.0053279,grph,55057.0,meme_emerging,-0.254909368718103,-0.07462847356692637,0.2651516895241764,55057.0,1.0,37.163699415497106,0,-0.25892027821658964,breakdown,meme_emerging,2025-01
0.013605544553905,2025-01-31,soul-graph,,5327594.0,Soul Graph,meme,0.0053279,grph,55057.0,meme_emerging,-0.502612504450408,-0.2573552560406408,0.2875564713716643,55057.0,1.0,30.214694478229077,0,-0.24734933712121995,breakdown,meme_emerging,2025-01
0.005925718535655,2025-02-18,soul-graph,,5327594.0,Soul Graph,meme,0.0053279,grph,55057.0,meme_emerging,-0.2698594095594422,-0.15650153355542729,0.1768019719991108,55057.0,1.0,36.02353882252969,0,-0.237716893597503,breakdown,meme_emerging,2025-02
0.0016061169885673,2025-04-03,soul-graph,,5327594.0,Soul Graph,meme,0.0053279,grph,55057.0,meme_emerging,-0.31420206798644057,-0.31976669125631474,0.22156323667738437,55057.0,1.0,35.54772539508406,0,-0.24757405484784675,breakdown,meme_emerging,2025-04
0.0001294563133417,2024-07-15,stellaryai,,160518.0,StellaryAI,meme,0.00024027,stelai,23.66,meme_emerging,-0.28771766416747435,0.09348401835222853,0.0476478918717474,23.66,1.0,93.77183953915143,1,-0.23812672182599512,breakdown,meme_emerging,2024-07
0.0001504010788747,2024-08-22,stellaryai,,160518.0,StellaryAI,meme,0.00024027,stelai,23.66,meme_emerging,-0.21544124337030046,0.28444241531092773,0.12451849781400756,23.66,1.0,71.11496855524354,0,-0.28843635374260074,breakdown,meme_emerging,2024-08
0.000394206594236,2024-12-12,stellaryai,,160518.0,StellaryAI,meme,0.00024027,stelai,23.66,meme_emerging,-0.28980663764595893,-0.2706747452601077,0.1797503792135321,23.66,1.0,55.38051902217791,0,-0.2325174698145002,breakdown,meme_emerging,2024-12
0.0004034798855279,2024-12-13,stellaryai,,160518.0,StellaryAI,meme,0.00024027,stelai,23.66,meme_emerging,-0.3442432922175884,0.02352393751776849,0.17109673955925556,23.66,1.0,55.75768579826129,0,-0.22649100720371154,breakdown,meme_emerging,2024-12
0.0027012910967899,2025-01-09,stellaryai,,160518.0,StellaryAI,meme,0.00024027,stelai,23.66,meme_emerging,-0.3265935026951734,-0.0031537198090884067,0.12192390009956353,23.66,1.0,42.9473091471516,0,-0.2816043483574124,breakdown,meme_emerging,2025-01
0.0023092897876092,2025-01-10,stellaryai,,160518.0,StellaryAI,meme,0.00024027,stelai,23.66,meme_emerging,-0.23687894569681978,-0.14511627778529235,0.11404433930302368,23.66,1.0,34.98695142776073,0,-0.32420068887935155,breakdown,meme_emerging,2025-01
0.002610427310402,2025-01-12,stellaryai,,160518.0,StellaryAI,meme,0.00024027,stelai,23.66,meme_emerging,-0.4808383990354832,-0.20224475206771786,0.23814582885178592,23.66,1.0,37.73046491510717,0,-0.21024318758583674,breakdown,meme_emerging,2025-01
0.0012489157016554,2025-01-22,stellaryai,,160518.0,StellaryAI,meme,0.00024027,stelai,23.66,meme_emerging,-0.4139483440269427,-0.015199472955110704,0.1527948172989258,23.66,1.0,33.492878803961204,0,-0.20268128752264306,breakdown,meme_emerging,2025-01
0.0010498542775365,2025-01-23,stellaryai,,160518.0,StellaryAI,meme,0.00024027,stelai,23.66,meme_emerging,-0.33234339897612086,-0.159387398088638,0.12553238097616173,23.66,1.0,32.11042536319145,0,-0.2414430779497998,breakdown,meme_emerging,2025-01
0.0002851280396626,2024-10-13,suinami,,107137.0,SUINAMI,meme,1.071e-05,nami,107.15,meme_emerging,-0.3303986347680029,-0.1699258076957143,0.6906725680926322,107.15,1.0,70.01144799413198,0,-0.20972912823892953,breakdown,meme_emerging,2024-10
0.0001184906059905,2024-11-24,suinami,,107137.0,SUINAMI,meme,1.071e-05,nami,107.15,meme_emerging,-0.20538776360253452,-0.20551346948398663,0.18992443600714337,107.15,1.0,50.21176137370982,0,-0.27033071552582005,breakdown,meme_emerging,2024-11
9.22586487067775e-05,2024-12-19,suinami,,107137.0,SUINAMI,meme,1.071e-05,nami,107.15,meme_emerging,-0.30203117435396487,-0.18044118975255896,0.23546881344592965,107.15,1.0,46.59409344617164,0,-0.20873079245648887,breakdown,meme_emerging,2024-12
3.968638698006097e-05,2025-01-14,suinami,,107137.0,SUINAMI,meme,1.071e-05,nami,107.15,meme_emerging,-0.21626774360879453,-0.11836510348342388,0.08947771833421267,107.15,1.0,46.12032728732719,1,-0.2387719734322379,breakdown,meme_emerging,2025-01
2.133274379269145e-05,2025-03-27,suinami,,107137.0,SUINAMI,meme,1.071e-05,nami,107.15,meme_emerging,-0.24400944534855618,0.053152888554974576,0.04951470300227476,107.15,1.0,82.19914882310795,1,-0.20375787023130387,breakdown,meme_emerging,2025-03
2.1832690280996564e-05,2025-03-28,suinami,,107137.0,SUINAMI,meme,1.071e-05,nami,107.15,meme_emerging,-0.3380038940904808,0.023435639276575104,0.03980823648622962,107.15,1.0,87.89415062039728,1,-0.2195375613592113,breakdown,meme_emerging,2025-03
2.007569067311152e-05,2025-03-29,suinami,,107137.0,SUINAMI,meme,1.071e-05,nami,107.15,meme_emerging,-0.3526977077164769,-0.08047563471435115,0.05328844301047609,107.15,1.0,77.1696669580918,1,-0.29938096532817654,breakdown,meme_emerging,2025-03
1.903583072606307e-05,2025-03-30,suinami,,107137.0,SUINAMI,meme,1.071e-05,nami,107.15,meme_emerging,-0.3370229907140775,-0.05179696997629035,0.05997598120972707,107.15,1.0,70.62774540438096,1,-0.3372622846655377,breakdown,meme_emerging,2025-03
1.9441579421873416e-05,2025-03-31,suinami,,107137.0,SUINAMI,meme,1.071e-05,nami,107.15,meme_emerging,-0.3922599029358016,0.02131499810275206,0.056676243892919816,107.15,1.0,70.81263263040745,1,-0.32917101172066304,breakdown,meme_emerging,2025-03
4.65263786704025e-05,2025-05-30,the-wally-group,,155667.0,The Wally Group,meme,1.557e-05,twg,2559.0,meme_emerging,-0.20976846267008575,0.01141304221062689,0.02968734194285217,2559.0,1.0,70.84814503258353,1,-0.3341137861546208,breakdown,meme_emerging,2025-05
7.463098494379828,2024-10-19,unibot,,2226249.0,Unibot,meme,2.23,unibot,149974.0,meme_emerging,-0.20053321141828884,-0.0048359994185315225,0.14785897866890138,149974.0,1.0,72.01804066848071,0,-0.3034174591594767,breakdown,meme_emerging,2024-10
0.0387519094368375,2025-01-06,usacoin,,120492.0,USAcoin,meme,0.00568432,usacoin,43671.0,meme_emerging,-0.20042254736125675,-0.18277544633970744,0.36530400064109037,43671.0,1.0,31.766519102800387,0,-0.20276952840600151,breakdown,meme_emerging,2025-01
2.2380188325547827,2024-09-21,BOND,7440.0,1158715.3923709523,BarnBridge,rwa,0.1464825501029312,BOND,858996.93691079,rwa_all,-0.2257402993064509,-0.04241746506014099,0.09779432409816861,858996.93691079,1.0,70.03346794202409,0,-0.24569027207000063,breakdown,rwa_all,2024-09
0.00354,2025-03-12,YBR,34385.0,0.0,YieldBricks,rwa,0.0010033492846471,YBR,10895.32608374,rwa_all,-0.2259887005649719,0.05671641791044779,0.26097173860547745,10895.32608374,1.0,31.205409434565013,0,-0.20606202548939256,breakdown,rwa_all,2025-03
0.001339,2025-06-17,YBR,34385.0,0.0,YieldBricks,rwa,0.0010033492846471,YBR,10895.32608374,rwa_all,-0.25466766243465266,-0.1693548387096775,0.19099277649066512,10895.32608374,1.0,34.04846037354871,0,-0.20404919845218386,breakdown,rwa_all,2025-06
0.00112,2025-06-18,YBR,34385.0,0.0,YieldBricks,rwa,0.0010033492846471,YBR,10895.32608374,rwa_all,-0.3046428571428571,-0.16355489171023152,0.14871431542756774,10895.32608374,1.0,33.49888254283586,0,-0.26626626626626665,breakdown,rwa_all,2025-06
0.0193,2024-10-19,CHAIN,6744.0,0.0,Chain Games,gaming,0.0188913164974845,CHAIN,79124.40460243,tech_emerging,-0.20362694300518136,0.06453392167677885,0.08969902059650069,79124.40460243,1.0,76.62976629766297,0,-0.23417256909310943,breakdown,tech_emerging,2024-10
0.01901,2024-10-20,CHAIN,6744.0,0.0,Chain Games,gaming,0.0188913164974845,CHAIN,79124.40460243,tech_emerging,-0.22514466070489214,-0.015025906735751438,0.09073879267103875,79124.40460243,1.0,75.42372881355931,0,-0.26008095905340173,breakdown,tech_emerging,2024-10
0.0092381993239598,2025-01-24,DUCKAI,35215.0,0.0,Duck AI,ai,0.0003692129377505,DUCKAI,78614.51623997,tech_emerging,-0.6147414880284752,-0.41396696229716623,0.38517278101327485,78614.51623997,1.0,44.00346766154971,0,-0.25266198232193315,breakdown,tech_emerging,2025-01
0.0074772999771706,2025-01-27,DUCKAI,35215.0,0.0,Duck AI,ai,0.0003692129377505,DUCKAI,78614.51623997,tech_emerging,-0.7757384929167539,-0.1937579314790383,0.3542067742164321,78614.51623997,1.0,32.173314854207206,0,-0.25572654125252064,breakdown,tech_emerging,2025-01
0.005701715327636,2025-01-28,DUCKAI,35215.0,0.0,Duck AI,ai,0.0003692129377505,DUCKAI,78614.51623997,tech_emerging,-0.5211876683012318,-0.2374633430457178,0.18475566357166315,78614.51623997,1.0,31.787530269589595,0,-0.31984958334151536,breakdown,tech_emerging,2025-01
0.0047436871235587,2025-01-29,DUCKAI,35215.0,0.0,Duck AI,ai,0.0003692129377505,DUCKAI,78614.51623997,tech_emerging,-0.523724512943725,-0.16802455910658565,0.18573508509518627,78614.51623997,1.0,32.16109680492566,0,-0.3333333333333333,breakdown,tech_emerging,2025-01
0.1023,2024-08-24,GPT,29576.0,740307.4385026348,QnA3.AI,ai,0.0008904715146673,GPT,163686.90592548,tech_emerging,-0.2250244379276637,0.08610255865803174,0.034266390476616566,163686.90592548,1.0,71.21593291404612,1,-0.20728092708611814,breakdown,tech_emerging,2024-08
0.09911,2024-08-25,GPT,29576.0,740307.4385026348,QnA3.AI,ai,0.0008904715146673,GPT,163686.90592548,tech_emerging,-0.25799616587629914,-0.03118279569892468,0.04172979322203977,163686.90592548,1.0,79.31356525799673,1,-0.24867147286469096,breakdown,tech_emerging,2024-08
0.1121,2024-09-29,GPT,29576.0,740307.4385026348,QnA3.AI,ai,0.0008904715146673,GPT,163686.90592548,tech_emerging,-0.35441570026761815,-0.0008912655971478056,0.052942297616393984,163686.90592548,1.0,70.9616295594505,1,-0.27131374785895596,breakdown,tech_emerging,2024-09
9.36e-06,2025-05-01,ING,22088.0,21145.648448466487,Infinity Games,gaming,4.229129689693298e-06,ING,82181.24732628,tech_emerging,-0.20619658119658124,0.02631578947368407,0.0706042890954555,82181.24732628,1.0,74.78108581436075,0,-0.2333210468116477,breakdown,tech_emerging,2025-05
9.34e-06,2025-05-02,ING,22088.0,21145.648448466487,Infinity Games,gaming,4.229129689693298e-06,ING,82181.24732628,tech_emerging,-0.2044967880085653,-0.002136752136752129,0.07199332335432415,82181.24732628,1.0,74.11347517730496,0,-0.25509430952665796,breakdown,tech_emerging,2025-05
1.249,2024-07-16,NAKA,12749.0,34921549.863268524,Nakamoto Games,gaming,0.3301847960324919,NAKA,7816967.39834421,tech_emerging,-0.21273018414731792,-0.0015987210231812599,0.02948293996545847,7816967.39834421,1.0,85.26315789473692,1,-0.2898701790959916,breakdown,tech_emerging,2024-07
1.108,2024-08-25,NAKA,12749.0,34921549.863268524,Nakamoto Games,gaming,0.3301847960324919,NAKA,7816967.39834421,tech_emerging,-0.23682310469314083,-0.03146853146853135,0.057289964927776556,7816967.39834421,1.0,77.93915303470419,0,-0.2390214420131591,breakdown,tech_emerging,2024-08
0.1707,2024-09-29,TAI,20605.0,68647558.75081113,TARS AI,ai,0.0769427786530099,TAI,3966338.47137762,tech_emerging,-0.2852958406561218,-0.0442329227323629,0.10480945163754071,3966338.47137762,1.0,79.27601809954751,0,-0.2011792783939351,breakdown,tech_emerging,2024-09
0.9562,2025-03-05,UDS,29933.0,48179658.0187487,Undeads Games,gaming,1.0520033998586904,UDS,695247.797407,tech_emerging,-0.27672035139092244,-0.00798838053740003,0.08116095864074861,695247.797407,1.0,80.93915677859127,0,-0.2575078135616251,breakdown,tech_emerging,2025-03
1.016,2025-03-06,UDS,29933.0,48179658.0187487,Undeads Games,gaming,1.0520033998586904,UDS,695247.797407,tech_emerging,-0.3197834645669291,0.0625392177368751,0.07972009253192647,695247.797407,1.0,83.60166964818129,0,-0.24213604254779542,breakdown,tech_emerging,2025-03
0.9091,2025-03-26,UDS,29933.0,48179658.0187487,Undeads Games,gaming,1.0520033998586904,UDS,695247.797407,tech_emerging,-0.7560224397756022,-0.03859983079526219,0.012190296939544076,695247.797407,1.0,73.37201805286912,1,-0.37309501151612934,breakdown,tech_emerging,2025-03
0.9074,2025-03-27,UDS,29933.0,48179658.0187487,Undeads Games,gaming,1.0520033998586904,UDS,695247.797407,tech_emerging,-0.7780471677319815,-0.001869981300187007,0.012291464986428845,695247.797407,1.0,73.18327974276528,1,-0.3690527098956649,breakdown,tech_emerging,2025-03
0.4726,2024-08-25,YGG,10688.0,77363319.89308186,Yield Guild Games,gaming,0.146633573605018,YGG,12183682.61355177,tech_emerging,-0.23889123994921713,-0.038258038258038196,0.08015915530757325,12183682.61355177,1.0,70.8203125,0,-0.23124471338408478,breakdown,tech_emerging,2024-08
0.01994,2024-07-20,YOURAI,18103.0,429025.6786967368,YOUR AI,ai,0.0008374701597312,YOURAI,98131.86783688,tech_emerging,-0.22617853560682044,0.013211382113821113,0.050378259196722404,98131.86783688,1.0,73.17436661698954,1,-0.23885866972039324,breakdown,tech_emerging,2024-07
0.01617,2024-10-01,YOURAI,18103.0,429025.6786967368,YOUR AI,ai,0.0008374701597312,YOURAI,98131.86783688,tech_emerging,-0.27643784786641934,-0.05714285714285705,0.17061288573176853,98131.86783688,1.0,71.82166826462128,0,-0.21855744835085167,breakdown,tech_emerging,2024-10
0.01555,2024-12-05,YOURAI,18103.0,429025.6786967368,YOUR AI,ai,0.0008374701597312,YOURAI,98131.86783688,tech_emerging,-0.24051446945337618,0.07538035961272471,0.24695639745137554,98131.86783688,1.0,70.764377041014,0,-0.20888692170524292,breakdown,tech_emerging,2024-12
0.01556,2024-12-06,YOURAI,18103.0,429025.6786967368,YOUR AI,ai,0.0008374701597312,YOURAI,98131.86783688,tech_emerging,-0.20437017994858608,0.0006430868167202064,0.11336964605754571,98131.86783688,1.0,71.73291472781297,0,-0.2506549545384497,breakdown,tech_emerging,2024-12
0.01511,2024-12-08,YOURAI,18103.0,429025.6786967368,YOUR AI,ai,0.0008374701597312,YOURAI,98131.86783688,tech_emerging,-0.21045665122435475,-0.04548325963360711,0.1022687656968211,98131.86783688,1.0,70.41883352904993,0,-0.3286682217038764,breakdown,tech_emerging,2024-12
0.001858,2025-03-25,YOURAI,18103.0,429025.6786967368,YOUR AI,ai,0.0008374701597312,YOURAI,98131.86783688,tech_emerging,-0.2314316469321852,0.06475644699140393,0.058815162282636696,98131.86783688,1.0,70.38745387453875,0,-0.25273487773487774,breakdown,tech_emerging,2025-03
0.3564338773996906,2024-09-25,bitcoinbam,,1443249.0,BitcoinBam,ai,0.090029,btcbam,6.16,tech_emerging,-0.27042274482392925,-0.007817545297702733,0.006519829819047167,6.16,1.0,79.51045531213563,1,-0.3373704393171171,breakdown,tech_emerging,2024-09
0.3562928799634714,2024-09-26,bitcoinbam,,1443249.0,BitcoinBam,ai,0.090029,btcbam,6.16,tech_emerging,-0.32652838928018924,-0.0003955781006222958,0.006353473038115247,6.16,1.0,79.2754526795914,1,-0.33694586683611155,breakdown,tech_emerging,2024-09
0.3577902638255683,2024-09-27,bitcoinbam,,1443249.0,BitcoinBam,ai,0.090029,btcbam,6.16,tech_emerging,-0.3292831583458107,0.004202676916390757,0.006441317257215586,6.16,1.0,70.82085647262326,1,-0.3344843380407702,breakdown,tech_emerging,2024-09
0.3582021579802728,2024-09-28,bitcoinbam,,1443249.0,BitcoinBam,ai,0.090029,btcbam,6.16,tech_emerging,-0.3256439402704713,0.001151216777953712,0.006473402850069272,6.16,1.0,70.97222116024484,1,-0.33331527628235325,breakdown,tech_emerging,2024-09
0.0385795702793289,2025-03-31,bitcoinbam,,1443249.0,BitcoinBam,ai,0.090029,btcbam,6.16,tech_emerging,-0.22255885459556135,0.1345884392756267,0.055393701082038733,6.16,1.0,74.15819692895194,0,-0.20227885315985686,breakdown,tech_emerging,2025-03
0.0404876158958313,2025-04-02,bitcoinbam,,1443249.0,BitcoinBam,ai,0.090029,btcbam,6.16,tech_emerging,-0.3213868486379824,0.11061528873769166,0.06644264758575906,6.16,1.0,72.09818552391444,0,-0.206038879535837,breakdown,tech_emerging,2025-04
0.0096263842190129,2025-04-03,broccoli-4,,1238141.0,Broccoli,ai,0.00670653,broccoli,1585991.0,tech_emerging,-0.23254437430887676,-0.4622428622596718,0.25037546314957015,1585991.0,1.0,41.032127516292995,0,-0.3333333333333333,breakdown,tech_emerging,2025-04
0.0097956588486695,2025-04-05,broccoli-4,,1238141.0,Broccoli,ai,0.00670653,broccoli,1585991.0,tech_emerging,-0.25148334633541247,0.2754916785554926,0.24499446866979216,1585991.0,1.0,40.62203664042869,0,-0.29806701171425426,breakdown,tech_emerging,2025-04
7.540412112257775e-05,2024-12-10,chaos-2,,0.0,Chaos,ai,1.154e-05,chaos,967.2,tech_emerging,-0.20014089621555353,-0.3740555978754272,0.19447016717934965,967.2,1.0,,0,-0.2636370021342575,breakdown,tech_emerging,2024-12
0.0001325941808406,2024-12-31,claude-2,,7164.59,Claude 2,ai,7.17e-06,claude 2,2.27,tech_emerging,-0.4000842891930847,-0.40919580237728215,0.18638610562072122,2.27,1.0,,0,-0.3159397152231604,breakdown,tech_emerging,2024-12
0.0001339363642071,2025-01-01,claude-2,,7164.59,Claude 2,ai,7.17e-06,claude 2,2.27,tech_emerging,-0.651585021313337,0.01012249073067184,0.18075434071957802,2.27,1.0,,0,-0.2823775121493075,breakdown,tech_emerging,2025-01
1.334390248802966e-05,2025-02-04,claude-2,,7164.59,Claude 2,ai,7.17e-06,claude 2,2.27,tech_emerging,-0.20186199969775942,0.05165171444976413,0.11298344375029724,2.27,1.0,35.90678875543257,0,-0.2553918576066159,breakdown,tech_emerging,2025-02
0.0016177525307037,2024-09-21,coco-coin,,2926609.0,COCO COIN,ai,8.557e-05,coco,107582.0,tech_emerging,-0.37131612251640544,0.013348849628695314,0.040704875062941966,107582.0,1.0,70.64981298844492,1,-0.3146770942554003,breakdown,tech_emerging,2024-09
0.0007749044746089,2025-04-25,coco-coin,,2926609.0,COCO COIN,ai,8.557e-05,coco,107582.0,tech_emerging,-0.30376353337461615,-0.024773161388792153,0.07060342847518503,107582.0,1.0,82.60307143670207,0,-0.2081680910932088,breakdown,tech_emerging,2025-04
0.000750464602935,2025-04-26,coco-coin,,2926609.0,COCO COIN,ai,8.557e-05,coco,107582.0,tech_emerging,-0.21509690330215525,-0.031539205766278444,0.07263719932691158,107582.0,1.0,78.31144339881288,0,-0.26054046233815925,breakdown,tech_emerging,2025-04
0.0007043528459654,2025-04-28,coco-coin,,2926609.0,COCO COIN,ai,8.557e-05,coco,107582.0,tech_emerging,-0.21249838442713198,-0.013711796146003818,0.07242067443724153,107582.0,1.0,76.8546801167503,0,-0.33898174437485773,breakdown,tech_emerging,2025-04
0.0006781547276499,2025-04-29,coco-coin,,2926609.0,COCO COIN,ai,8.557e-05,coco,107582.0,tech_emerging,-0.24743713528931954,-0.03719459425139737,0.07243217843402946,107582.0,1.0,71.90802258278762,0,-0.3679894326141631,breakdown,tech_emerging,2025-04
0.0012711106073149,2025-01-10,coder-gf,,16082.75,Coder GF,ai,1.609e-05,codergf,3.93,tech_emerging,-0.3795546882913221,-0.3816664390580118,0.2281311177470111,3.93,1.0,45.768383502605694,0,-0.3333333333333333,breakdown,tech_emerging,2025-01
0.0017440188479163,2025-01-11,coder-gf,,16082.75,Coder GF,ai,1.609e-05,codergf,3.93,tech_emerging,-0.6596658246760038,0.3720433437341646,0.27841156390906546,3.93,1.0,43.08265710149406,0,-0.2166981822933761,breakdown,tech_emerging,2025-01
0.0009599944163974,2025-01-12,coder-gf,,16082.75,Coder GF,ai,1.609e-05,codergf,3.93,tech_emerging,-0.596011418735841,-0.4495504348795475,0.31893500135066205,3.93,1.0,43.607763122021005,0,-0.3333333333333333,breakdown,tech_emerging,2025-01
0.0009684989164179,2025-01-13,coder-gf,,16082.75,Coder GF,ai,1.609e-05,codergf,3.93,tech_emerging,-0.762585703768114,0.008858905713655219,0.3091497247176407,3.93,1.0,46.7249216299707,0,-0.3333333333333333,breakdown,tech_emerging,2025-01
0.0009079207331232,2025-01-14,coder-gf,,16082.75,Coder GF,ai,1.609e-05,codergf,3.93,tech_emerging,-0.6659962198187286,-0.06254852975856195,0.29551233597561,3.93,1.0,37.98313558035504,0,-0.3333333333333333,breakdown,tech_emerging,2025-01
0.0009125629926335,2025-01-15,coder-gf,,16082.75,Coder GF,ai,1.609e-05,codergf,3.93,tech_emerging,-0.7166518946166086,0.005113066968226221,0.29661131319965794,3.93,1.0,36.68205752787447,0,-0.3333333333333333,breakdown,tech_emerging,2025-01
0.0008573350790203,2025-01-16,coder-gf,,16082.75,Coder GF,ai,1.609e-05,codergf,3.93,tech_emerging,-0.5602671055285569,-0.06051956309758044,0.27316898308819654,3.93,1.0,40.660193888395504,0,-0.31957705781564316,breakdown,tech_emerging,2025-01
6.280711893559485e-05,2025-02-03,coder-gf,,16082.75,Coder GF,ai,1.609e-05,codergf,3.93,tech_emerging,-0.23630017203873765,-0.06873330509191078,0.1700772021651136,3.93,1.0,35.08126333392333,0,-0.27596710169241007,breakdown,tech_emerging,2025-02
4.785447354432105e-05,2025-01-21,gaisha-ai,,14595.16,Gaisha AI,ai,1.46e-05,gaisha,6.13,tech_emerging,-0.21923190486983002,0.022780313067034763,0.17381954687900852,6.13,1.0,45.66791352794819,0,-0.32712193057364986,breakdown,tech_emerging,2025-01
4.52204709672829e-05,2025-01-22,gaisha-ai,,14595.16,Gaisha AI,ai,1.46e-05,gaisha,6.13,tech_emerging,-0.2098490221556315,-0.055041929875137785,0.12733993393503287,6.13,1.0,47.63405620686922,0,-0.29164319755776696,breakdown,tech_emerging,2025-01
1.4607902921097524,2025-01-17,krypton-dao,,1570640.0,Krypton DAO,ai,0.01538916,krd,4980.86,tech_emerging,-0.45107920662121226,-0.14043920339106963,0.18243989524029774,4980.86,1.0,57.74633026781772,0,-0.20909185080169915,breakdown,tech_emerging,2025-01
1.4268630784835656,2025-01-18,krypton-dao,,1570640.0,Krypton DAO,ai,0.01538916,krd,4980.86,tech_emerging,-0.47989948877204014,-0.023225245820320484,0.07562151596608893,4980.86,1.0,57.616225648602686,0,-0.21715182955682608,breakdown,tech_emerging,2025-01
1.1642352517315029,2025-01-19,krypton-dao,,1570640.0,Krypton DAO,ai,0.01538916,krd,4980.86,tech_emerging,-0.4295141168691926,-0.18405958547275403,0.06479572500626286,4980.86,1.0,55.17706790660222,0,-0.2971636619210001,breakdown,tech_emerging,2025-01
0.8351186515303317,2025-01-23,krypton-dao,,1570640.0,Krypton DAO,ai,0.01538916,krd,4980.86,tech_emerging,-0.3789599277169078,-0.32641991049579044,0.21404898992355567,4980.86,1.0,45.694316628792336,0,-0.2869979861943934,breakdown,tech_emerging,2025-01
0.0256710169464977,2025-06-20,krypton-dao,,1570640.0,Krypton DAO,ai,0.01538916,krd,4980.86,tech_emerging,-0.22756088887111225,-0.3398145703876869,0.3765689759676563,4980.86,1.0,42.07675397751647,0,-0.2022076372747937,breakdown,tech_emerging,2025-06
1.0637608779459895,2024-10-16,metamars-2,,5078962.0,,gaming,0.331958,,1445890.0,tech_emerging,-0.23051441851629106,0.05967086606500538,0.05958412444349281,1445890.0,1.0,74.91722495404862,0,-0.24519515463665234,breakdown,tech_emerging,2024-10
0.8599740282156042,2025-01-02,metamars-2,,5078962.0,,gaming,0.331958,,1445890.0,tech_emerging,-0.22365195978050922,0.0018830996856566973,0.033055988844379706,1445890.0,1.0,70.94046386803305,1,-0.27904742015076794,breakdown,tech_emerging,2025-01
1.3590184805509968,2025-02-26,metamars-2,,5078962.0,,gaming,0.331958,,1445890.0,tech_emerging,-0.24776333390150163,-0.1917814201688186,0.1370138642734674,1445890.0,1.0,71.1117995171622,0,-0.32427726581849,breakdown,tech_emerging,2025-02
1.4156039954192543,2025-02-27,metamars-2,,5078962.0,,gaming,0.331958,,1445890.0,tech_emerging,-0.21212533006105472,0.04163704591074846,0.132803175536989,1445890.0,1.0,70.37618692697853,0,-0.307550307847919,breakdown,tech_emerging,2025-02
0.000256488973598,2024-12-11,nexus-erebus,,30259.0,Nexus Erebus,ai,3.104e-05,nxr,69.19,tech_emerging,-0.36739852772694315,-0.3115638341166176,0.3111299864576714,69.19,1.0,49.407557583980974,0,-0.2055791282324828,breakdown,tech_emerging,2024-12
0.0002064122262122,2024-12-12,nexus-erebus,,30259.0,Nexus Erebus,ai,3.104e-05,nxr,69.19,tech_emerging,-0.4285488496561338,-0.19523937689534454,0.30558387799095715,69.19,1.0,47.30949545831111,0,-0.24942614507000904,breakdown,tech_emerging,2024-12
0.0006673695989749,2025-01-12,nexus-erebus,,30259.0,Nexus Erebus,ai,3.104e-05,nxr,69.19,tech_emerging,-0.2514981819008698,-0.06477108755196503,0.2741624679643835,69.19,1.0,55.46318169512197,0,-0.3175527181262075,breakdown,tech_emerging,2025-01
0.0004991012331965,2025-01-14,nexus-erebus,,30259.0,Nexus Erebus,ai,3.104e-05,nxr,69.19,tech_emerging,-0.3724355746753213,0.16067004949000752,0.18706633773919262,69.19,1.0,53.71361628920958,0,-0.3333333333333333,breakdown,tech_emerging,2025-01
0.0007130010553619,2025-01-15,nexus-erebus,,30259.0,Nexus Erebus,ai,3.104e-05,nxr,69.19,tech_emerging,-0.3011060940493694,0.4285700133327177,0.2834283308648964,69.19,1.0,55.54636433250263,0,-0.2457223558415007,breakdown,tech_emerging,2025-01
0.000385562812464,2025-01-24,nexus-erebus,,30259.0,Nexus Erebus,ai,3.104e-05,nxr,69.19,tech_emerging,-0.5756895110809599,-0.25408929078314413,0.31177307091651385,69.19,1.0,35.211936411592546,0,-0.21114269794510268,breakdown,tech_emerging,2025-01
0.0003129226581143,2025-01-25,nexus-erebus,,30259.0,Nexus Erebus,ai,3.104e-05,nxr,69.19,tech_emerging,-0.462848333044635,-0.18840031248211309,0.30366989229441976,69.19,1.0,38.199491922509125,0,-0.26875092594159256,breakdown,tech_emerging,2025-01
0.000318556758923,2025-01-26,nexus-erebus,,30259.0,Nexus Erebus,ai,3.104e-05,nxr,69.19,tech_emerging,-0.5528547532619448,0.018004771027612998,0.29885125164162807,69.19,1.0,39.47508934080281,0,-0.21350417088794224,breakdown,tech_emerging,2025-01
0.0338104628692346,2025-05-18,octavia,,1797088.0,Octavia,ai,0.02005457,via,194150.0,tech_emerging,-0.20144882636799855,-0.03358291268298841,0.037083648818457465,194150.0,1.0,71.76841526043174,1,-0.316102688523904,breakdown,tech_emerging,2025-05
0.0349000707968533,2025-05-19,octavia,,1797088.0,Octavia,ai,0.02005457,via,194150.0,tech_emerging,-0.24480645900598086,0.032226945009089736,0.03700403955822288,194150.0,1.0,71.03498786002767,1,-0.30205612654418984,breakdown,tech_emerging,2025-05
0.0003472669396694,2025-02-25,ronout,,12580.77,Ronout,ai,1.797e-05,ronout,4.97,tech_emerging,-0.8627835973971214,-0.18106379799471517,0.08834324104892255,4.97,1.0,40.53219135524997,0,-0.24461589752011262,breakdown,tech_emerging,2025-02
0.0017715977276449,2024-09-24,saycoin,,1295033.0,SAYCOIN,ai,0.00097672,say,112451.0,tech_emerging,-0.480415159388653,-0.04403837420104362,0.08738245956232499,112451.0,1.0,77.92489463515395,0,-0.2083352595707857,breakdown,tech_emerging,2024-09
0.0017895370120192,2024-09-26,saycoin,,1295033.0,SAYCOIN,ai,0.00097672,say,112451.0,tech_emerging,-0.2691536627819867,-0.0463262103928237,0.0780113455723928,112451.0,1.0,72.63588900307361,1,-0.2582296825585398,breakdown,tech_emerging,2024-09
0.0008629675065594,2024-10-16,saycoin,,1295033.0,SAYCOIN,ai,0.00097672,say,112451.0,tech_emerging,-0.27653500868073966,-0.14392269333768126,0.05044095167942618,112451.0,1.0,44.27793627840604,1,-0.20874250796481916,breakdown,tech_emerging,2024-10
0.000799411882077,2024-10-17,saycoin,,1295033.0,SAYCOIN,ai,0.00097672,say,112451.0,tech_emerging,-0.33583402852165867,-0.07364776077814617,0.04565624652222507,112451.0,1.0,31.699265651656503,1,-0.21950823418188734,breakdown,tech_emerging,2024-10
0.002540012895603,2025-02-18,saycoin,,1295033.0,SAYCOIN,ai,0.00097672,say,112451.0,tech_emerging,-0.39178609134846654,-0.13797457422445225,0.25125941434723825,112451.0,1.0,76.12876826962199,0,-0.29786166170083844,breakdown,tech_emerging,2025-02
0.0017195087345908,2025-02-22,saycoin,,1295033.0,SAYCOIN,ai,0.00097672,say,112451.0,tech_emerging,-0.2357260987662032,0.0065159216186716495,0.15387567610089883,112451.0,1.0,53.44657454464895,0,-0.20212330547094295,breakdown,tech_emerging,2025-02
0.00125062944015,2025-05-08,saycoin,,1295033.0,SAYCOIN,ai,0.00097672,say,112451.0,tech_emerging,-0.33829985012711283,0.11619715837800881,0.09180930817111901,112451.0,1.0,71.9917603121327,0,-0.2824188617350081,breakdown,tech_emerging,2025-05
0.007267288337712,2025-05-29,sensi,,1008318.0,Sensi,ai,0.00420729,sensi,2452.47,tech_emerging,-0.21370563380788588,0.06172402462889015,0.039565162049800706,2452.47,1.0,75.40447527864626,0,-0.2925668573150966,breakdown,tech_emerging,2025-05
0.0068026252119138,2025-05-30,sensi,,1008318.0,Sensi,ai,0.00420729,sensi,2452.47,tech_emerging,-0.22069980278258272,-0.06393899680392923,0.04124014445044977,2452.47,1.0,75.30601044723653,0,-0.34727884559421435,breakdown,tech_emerging,2025-05
0.0044637966167009,2024-07-21,sidus,,7695044.0,Sidus,gaming,0.00069361,sidus,575306.0,tech_emerging,-0.21285174741252422,0.11122305203791738,0.05519387691030084,575306.0,1.0,76.45727335209321,0,-0.24839881759487467,breakdown,tech_emerging,2024-07
0.0044175362792376,2024-07-22,sidus,,7695044.0,Sidus,gaming,0.00069361,sidus,575306.0,tech_emerging,-0.25719467098952375,-0.010363450989281597,0.05666413315073353,575306.0,1.0,74.17142278065263,0,-0.2691037204279378,breakdown,tech_emerging,2024-07
0.0032994584524579,2024-08-27,sidus,,7695044.0,Sidus,gaming,0.00069361,sidus,575306.0,tech_emerging,-0.23392172907440112,-0.10646036115278379,0.10609604473176117,575306.0,1.0,70.18248911531057,0,-0.2528632154579724,breakdown,tech_emerging,2024-08
0.005027879732969,2024-09-29,sidus,,7695044.0,Sidus,gaming,0.00069361,sidus,575306.0,tech_emerging,-0.27265510875416,-0.012467717255158606,0.09084103708874773,575306.0,1.0,84.47565145396206,0,-0.200328453512954,breakdown,tech_emerging,2024-09
0.0048091546221973,2024-09-30,sidus,,7695044.0,Sidus,gaming,0.00069361,sidus,575306.0,tech_emerging,-0.21695083685102934,-0.043502454789733136,0.09785229090785291,575306.0,1.0,77.91031392684278,0,-0.26378574409309996,breakdown,tech_emerging,2024-09
0.0043268744537706,2024-12-31,starslax,,1234480.0,StarSlax,ai,0.00044564,sslx,162735.0,tech_emerging,-0.2571630163466243,0.03652442231691633,0.08047572896725576,162735.0,1.0,71.75862377178932,0,-0.2847906488252517,breakdown,tech_emerging,2024-12
0.0393899734555295,2024-12-05,ta-da,,2418863.0,Ta-da,ai,0.00363231,tada,109144.0,tech_emerging,-0.2176754582847773,0.002006997986292003,0.08150452253734516,109144.0,1.0,75.07090269010494,0,-0.20753617646359826,breakdown,tech_emerging,2024-12
0.040450754126963,2024-12-06,ta-da,,2418863.0,Ta-da,ai,0.00363231,tada,109144.0,tech_emerging,-0.22280488087108885,0.0269302205199784,0.06454765149669445,109144.0,1.0,75.08571539994074,0,-0.2142288051334281,breakdown,tech_emerging,2024-12
0.0411188700987283,2024-12-07,ta-da,,2418863.0,Ta-da,ai,0.00363231,tada,109144.0,tech_emerging,-0.27296846171654243,0.01651677419086628,0.06266852284487366,109144.0,1.0,73.07185811394268,0,-0.23837693504969293,breakdown,tech_emerging,2024-12
0.0015782091844675,2025-01-12,the-pea-guy-by-virtuals,,19627.94,The Pea Guy by Virtuals,ai,2.157e-05,peaguy,6.91,tech_emerging,-0.293349575028933,-0.04647202522973315,0.10245109060367776,6.91,1.0,54.907269809497784,0,-0.20499749598073494,breakdown,tech_emerging,2025-01
0.0014696570642986,2025-01-13,the-pea-guy-by-virtuals,,19627.94,The Pea Guy by Virtuals,ai,2.157e-05,peaguy,6.91,tech_emerging,-0.3146171268042538,-0.06878183274894978,0.08199563320456045,6.91,1.0,53.62865377018127,0,-0.2047528228546817,breakdown,tech_emerging,2025-01
0.0013341106144811,2025-01-14,the-pea-guy-by-virtuals,,19627.94,The Pea Guy by Virtuals,ai,2.157e-05,peaguy,6.91,tech_emerging,-0.23347297036329262,-0.09222998555937945,0.07744704107779503,6.91,1.0,34.461922178960236,0,-0.20456260429416884,breakdown,tech_emerging,2025-01
7.986059358187031e-05,2025-03-26,the-pea-guy-by-virtuals,,19627.94,The Pea Guy by Virtuals,ai,2.157e-05,peaguy,6.91,tech_emerging,-0.21071349856704868,0.030348190105270012,0.05142223329186935,6.91,1.0,74.02095782209152,1,-0.259320184607941,breakdown,tech_emerging,2025-03
0.0001727780688355,2025-01-27,trumped-ai,,6390.7,trumped.ai,ai,6.39e-06,trumped.ai,1.14,tech_emerging,-0.6567031674514827,-0.2110764717685164,0.2757831237548095,1.14,1.0,,0,-0.27282243439025544,breakdown,tech_emerging,2025-01
0.0001341662138851,2025-01-31,trumped-ai,,6390.7,trumped.ai,ai,6.39e-06,trumped.ai,1.14,tech_emerging,-0.6659904398542986,-0.4043586335734084,0.32971454709721165,1.14,1.0,31.049097460720304,0,-0.3235657967096663,breakdown,tech_emerging,2025-01
3.6335856386317855e-05,2025-02-10,trumped-ai,,6390.7,trumped.ai,ai,6.39e-06,trumped.ai,1.14,tech_emerging,-0.3266383480948958,-0.087773796339229,0.16568580852192968,1.14,1.0,31.56369426220671,0,-0.26336974057423507,breakdown,tech_emerging,2025-02
0.0007728969755991,2024-12-06,vera-ai,,28070.0,Vera AI,ai,2.808e-05,vera,83.73,tech_emerging,-0.25250196862528285,-0.20277599072986763,0.3883122112109015,83.73,1.0,48.12687241113518,0,-0.23449922973104154,breakdown,tech_emerging,2024-12
0.0006650832888234,2024-12-09,vera-ai,,28070.0,Vera AI,ai,2.808e-05,vera,83.73,tech_emerging,-0.20452727052223307,-0.20888617940009457,0.21910182302635495,83.73,1.0,46.62926935609791,0,-0.27368289453349853,breakdown,tech_emerging,2024-12
0.0006132810437401,2024-12-10,vera-ai,,28070.0,Vera AI,ai,2.808e-05,vera,83.73,tech_emerging,-0.25931315045601755,-0.07788835767463564,0.20357379485281518,83.73,1.0,45.90755770522489,0,-0.27813528615852207,breakdown,tech_emerging,2024-12
0.0003769936291787,2024-12-14,vera-ai,,28070.0,Vera AI,ai,2.808e-05,vera,83.73,tech_emerging,-0.24797733348588358,-0.34746719497004774,0.18940107612786705,83.73,1.0,35.18457675387215,0,-0.29783426399668933,breakdown,tech_emerging,2024-12
0.00023658419601,2024-12-23,vera-ai,,28070.0,Vera AI,ai,2.808e-05,vera,83.73,tech_emerging,-0.22260839379809605,0.07498930568895501,0.16958461911333403,83.73,1.0,30.94562335556168,0,-0.24440809563103927,breakdown,tech_emerging,2024-12
0.0001233180933144,2025-02-02,vera-ai,,28070.0,Vera AI,ai,2.808e-05,vera,83.73,tech_emerging,-0.20891021404014787,-0.29972323324910455,0.14812715885719466,83.73,1.0,38.878171863942775,0,-0.2500075176138164,breakdown,tech_emerging,2025-02
0.0129969603922646,2025-03-26,yoshi-exchange,,1678588.0,Yoshi.exchange,ai,0.01097106,yoshi,38.44,tech_emerging,-0.21398755673883396,-0.0043018248148081195,0.011466575507387392,38.44,1.0,74.2829986566185,1,-0.3287807553723045,breakdown,tech_emerging,2025-03
0.0002552430506676,2025-05-07,market-fun,,125447.0,Market fun,meme,0.00012545,market,2952.95,meme_emerging_lowdata,-0.7112439418617192,-0.3660877831987599,0.1849755530668181,2952.95,1.0,,0,-0.21080648356130313,breakdown,meme_emerging_lowdata,2025-05
0.0072032950168568,2025-06-05,dumpling,,1132714.0,Dumpling,ai,0.00185367,dump,758.19,tech_emerging_lowdata,-0.3027853046425294,-0.19400299634738427,0.17416609623589357,758.19,1.0,30.421122146742704,0,-0.2038535907155686,breakdown,tech_emerging_lowdata,2025-06
0.0061584501529144,2025-06-06,dumpling,,1132714.0,Dumpling,ai,0.00185367,dump,758.19,tech_emerging_lowdata,-0.21135722858046035,-0.14505096091404068,0.10940137655995025,758.19,1.0,32.66548739319052,0,-0.2529195351376303,breakdown,tech_emerging_lowdata,2025-06
